,minicluster_size,mpitype,runtime,analysis,ranks,name
kubernetes-8/ompi/size_1_hello_usempi-noaff/mpis-1-hello_usempi-noaff-15,1,ompi,1.1540958881378174,hello_usempi-noaff,56,ompi-noaff
kubernetes-8/ompi/size_1_hello_usempi-noaff/mpis-1-hello_usempi-noaff-0,1,ompi,1.1438627243041992,hello_usempi-noaff,56,ompi-noaff
kubernetes-8/ompi/size_1_hello_usempi-noaff/mpis-1-hello_usempi-noaff-3,1,ompi,1.178034782409668,hello_usempi-noaff,56,ompi-noaff
kubernetes-8/ompi/size_1_hello_usempi-noaff/mpis-1-hello_usempi-noaff-7,1,ompi,1.1640417575836182,hello_usempi-noaff,56,ompi-noaff
kubernetes-8/ompi/size_1_hello_usempi-noaff/mpis-1-hello_usempi-noaff-2,1,ompi,1.1559865474700928,hello_usempi-noaff,56,ompi-noaff
kubernetes-8/ompi/size_1_hello_usempi-noaff/mpis-1-hello_usempi-noaff-1,1,ompi,1.1345915794372559,hello_usempi-noaff,56,ompi-noaff
kubernetes-8/ompi/size_1_hello_usempi-noaff/mpis-1-hello_usempi-noaff-19,1,ompi,1.1864914894104004,hello_usempi-noaff,56,ompi-noaff
kubernetes-8/ompi/size_1_hello_usempi-noaff/mpis-1-hello_usempi-noaff-6,1,ompi,1.1466548442840576,hello_usempi-noaff,56,ompi-noaff
kubernetes-8/ompi/size_1_hello_usempi-noaff/mpis-1-hello_usempi-noaff-8,1,ompi,1.1238389015197754,hello_usempi-noaff,56,ompi-noaff
kubernetes-8/ompi/size_1_hello_usempi-noaff/mpis-1-hello_usempi-noaff-14,1,ompi,1.1607897281646729,hello_usempi-noaff,56,ompi-noaff
kubernetes-8/ompi/size_1_hello_usempi-noaff/mpis-1-hello_usempi-noaff-9,1,ompi,1.1369028091430664,hello_usempi-noaff,56,ompi-noaff
kubernetes-8/ompi/size_1_hello_usempi-noaff/mpis-1-hello_usempi-noaff-11,1,ompi,1.1746551990509033,hello_usempi-noaff,56,ompi-noaff
kubernetes-8/ompi/size_1_hello_usempi-noaff/mpis-1-hello_usempi-noaff-18,1,ompi,1.1781830787658691,hello_usempi-noaff,56,ompi-noaff
kubernetes-8/ompi/size_1_hello_usempi-noaff/mpis-1-hello_usempi-noaff-12,1,ompi,1.1676959991455078,hello_usempi-noaff,56,ompi-noaff
kubernetes-8/ompi/size_1_hello_usempi-noaff/mpis-1-hello_usempi-noaff-4,1,ompi,1.1786079406738281,hello_usempi-noaff,56,ompi-noaff
kubernetes-8/ompi/size_1_hello_usempi-noaff/mpis-1-hello_usempi-noaff-16,1,ompi,1.1396758556365967,hello_usempi-noaff,56,ompi-noaff
kubernetes-8/ompi/size_1_hello_usempi-noaff/mpis-1-hello_usempi-noaff-13,1,ompi,1.165726661682129,hello_usempi-noaff,56,ompi-noaff
kubernetes-8/ompi/size_1_hello_usempi-noaff/mpis-1-hello_usempi-noaff-5,1,ompi,1.1516335010528564,hello_usempi-noaff,56,ompi-noaff
kubernetes-8/ompi/size_1_hello_usempi-noaff/mpis-1-hello_usempi-noaff-17,1,ompi,1.1393029689788818,hello_usempi-noaff,56,ompi-noaff
kubernetes-8/ompi/size_1_hello_usempi-noaff/mpis-1-hello_usempi-noaff-10,1,ompi,1.1324653625488281,hello_usempi-noaff,56,ompi-noaff
kubernetes-8/ompi/size_4_hello_usempi-noaff/mpis-4-hello_usempi-noaff-0,4,ompi,1.3372642993927002,hello_usempi-noaff,224,ompi-noaff
kubernetes-8/ompi/size_4_hello_usempi-noaff/mpis-4-hello_usempi-noaff-19,4,ompi,1.3379554748535156,hello_usempi-noaff,224,ompi-noaff
kubernetes-8/ompi/size_4_hello_usempi-noaff/mpis-4-hello_usempi-noaff-12,4,ompi,1.328334093093872,hello_usempi-noaff,224,ompi-noaff
kubernetes-8/ompi/size_4_hello_usempi-noaff/mpis-4-hello_usempi-noaff-6,4,ompi,1.3464653491973877,hello_usempi-noaff,224,ompi-noaff
kubernetes-8/ompi/size_4_hello_usempi-noaff/mpis-4-hello_usempi-noaff-5,4,ompi,1.3520517349243164,hello_usempi-noaff,224,ompi-noaff
kubernetes-8/ompi/size_4_hello_usempi-noaff/mpis-4-hello_usempi-noaff-14,4,ompi,1.3361756801605225,hello_usempi-noaff,224,ompi-noaff
kubernetes-8/ompi/size_4_hello_usempi-noaff/mpis-4-hello_usempi-noaff-13,4,ompi,1.352940320968628,hello_usempi-noaff,224,ompi-noaff
kubernetes-8/ompi/size_4_hello_usempi-noaff/mpis-4-hello_usempi-noaff-7,4,ompi,1.355362892150879,hello_usempi-noaff,224,ompi-noaff
kubernetes-8/ompi/size_4_hello_usempi-noaff/mpis-4-hello_usempi-noaff-16,4,ompi,1.3305785655975342,hello_usempi-noaff,224,ompi-noaff
kubernetes-8/ompi/size_4_hello_usempi-noaff/mpis-4-hello_usempi-noaff-18,4,ompi,1.359004020690918,hello_usempi-noaff,224,ompi-noaff
kubernetes-8/ompi/size_4_hello_usempi-noaff/mpis-4-hello_usempi-noaff-1,4,ompi,1.3541910648345947,hello_usempi-noaff,224,ompi-noaff
kubernetes-8/ompi/size_4_hello_usempi-noaff/mpis-4-hello_usempi-noaff-9,4,ompi,1.3400204181671143,hello_usempi-noaff,224,ompi-noaff
kubernetes-8/ompi/size_4_hello_usempi-noaff/mpis-4-hello_usempi-noaff-8,4,ompi,1.3484711647033691,hello_usempi-noaff,224,ompi-noaff
kubernetes-8/ompi/size_4_hello_usempi-noaff/mpis-4-hello_usempi-noaff-10,4,ompi,1.3473010063171387,hello_usempi-noaff,224,ompi-noaff
kubernetes-8/ompi/size_4_hello_usempi-noaff/mpis-4-hello_usempi-noaff-4,4,ompi,1.3515918254852295,hello_usempi-noaff,224,ompi-noaff
kubernetes-8/ompi/size_4_hello_usempi-noaff/mpis-4-hello_usempi-noaff-11,4,ompi,1.3421251773834229,hello_usempi-noaff,224,ompi-noaff
kubernetes-8/ompi/size_4_hello_usempi-noaff/mpis-4-hello_usempi-noaff-3,4,ompi,1.3380162715911865,hello_usempi-noaff,224,ompi-noaff
kubernetes-8/ompi/size_4_hello_usempi-noaff/mpis-4-hello_usempi-noaff-15,4,ompi,1.3398678302764893,hello_usempi-noaff,224,ompi-noaff
kubernetes-8/ompi/size_4_hello_usempi-noaff/mpis-4-hello_usempi-noaff-2,4,ompi,1.3654794692993164,hello_usempi-noaff,224,ompi-noaff
kubernetes-8/ompi/size_4_hello_usempi-noaff/mpis-4-hello_usempi-noaff-17,4,ompi,1.3498704433441162,hello_usempi-noaff,224,ompi-noaff
kubernetes-8/ompi/size_5_hello_usempi-noaff/mpis-5-hello_usempi-noaff-5,5,ompi,1.3825078010559082,hello_usempi-noaff,280,ompi-noaff
kubernetes-8/ompi/size_5_hello_usempi-noaff/mpis-5-hello_usempi-noaff-13,5,ompi,1.3959577083587646,hello_usempi-noaff,280,ompi-noaff
kubernetes-8/ompi/size_5_hello_usempi-noaff/mpis-5-hello_usempi-noaff-17,5,ompi,1.3826229572296143,hello_usempi-noaff,280,ompi-noaff
kubernetes-8/ompi/size_5_hello_usempi-noaff/mpis-5-hello_usempi-noaff-15,5,ompi,1.390066146850586,hello_usempi-noaff,280,ompi-noaff
kubernetes-8/ompi/size_5_hello_usempi-noaff/mpis-5-hello_usempi-noaff-6,5,ompi,1.398890733718872,hello_usempi-noaff,280,ompi-noaff
kubernetes-8/ompi/size_5_hello_usempi-noaff/mpis-5-hello_usempi-noaff-19,5,ompi,1.4064724445343018,hello_usempi-noaff,280,ompi-noaff
kubernetes-8/ompi/size_5_hello_usempi-noaff/mpis-5-hello_usempi-noaff-1,5,ompi,1.3687689304351807,hello_usempi-noaff,280,ompi-noaff
kubernetes-8/ompi/size_5_hello_usempi-noaff/mpis-5-hello_usempi-noaff-0,5,ompi,1.393428087234497,hello_usempi-noaff,280,ompi-noaff
kubernetes-8/ompi/size_5_hello_usempi-noaff/mpis-5-hello_usempi-noaff-8,5,ompi,1.4026374816894531,hello_usempi-noaff,280,ompi-noaff
kubernetes-8/ompi/size_5_hello_usempi-noaff/mpis-5-hello_usempi-noaff-2,5,ompi,1.3836066722869873,hello_usempi-noaff,280,ompi-noaff
kubernetes-8/ompi/size_5_hello_usempi-noaff/mpis-5-hello_usempi-noaff-16,5,ompi,1.3804223537445068,hello_usempi-noaff,280,ompi-noaff
kubernetes-8/ompi/size_5_hello_usempi-noaff/mpis-5-hello_usempi-noaff-18,5,ompi,1.3955585956573486,hello_usempi-noaff,280,ompi-noaff
kubernetes-8/ompi/size_5_hello_usempi-noaff/mpis-5-hello_usempi-noaff-3,5,ompi,1.3845078945159912,hello_usempi-noaff,280,ompi-noaff
kubernetes-8/ompi/size_5_hello_usempi-noaff/mpis-5-hello_usempi-noaff-11,5,ompi,1.3781864643096924,hello_usempi-noaff,280,ompi-noaff
kubernetes-8/ompi/size_5_hello_usempi-noaff/mpis-5-hello_usempi-noaff-7,5,ompi,1.383573055267334,hello_usempi-noaff,280,ompi-noaff
kubernetes-8/ompi/size_5_hello_usempi-noaff/mpis-5-hello_usempi-noaff-4,5,ompi,1.3789777755737305,hello_usempi-noaff,280,ompi-noaff
kubernetes-8/ompi/size_5_hello_usempi-noaff/mpis-5-hello_usempi-noaff-14,5,ompi,1.3885064125061035,hello_usempi-noaff,280,ompi-noaff
kubernetes-8/ompi/size_5_hello_usempi-noaff/mpis-5-hello_usempi-noaff-12,5,ompi,1.402728796005249,hello_usempi-noaff,280,ompi-noaff
kubernetes-8/ompi/size_5_hello_usempi-noaff/mpis-5-hello_usempi-noaff-10,5,ompi,1.3762059211730957,hello_usempi-noaff,280,ompi-noaff
kubernetes-8/ompi/size_5_hello_usempi-noaff/mpis-5-hello_usempi-noaff-9,5,ompi,1.383148193359375,hello_usempi-noaff,280,ompi-noaff
kubernetes-8/ompi/size_8_hello_usempi/mpis-8-hello_usempi-8,8,ompi,1.6812548637390137,hello_usempi,448,ompi
kubernetes-8/ompi/size_8_hello_usempi/mpis-8-hello_usempi-19,8,ompi,1.6417386531829834,hello_usempi,448,ompi
kubernetes-8/ompi/size_8_hello_usempi/mpis-8-hello_usempi-4,8,ompi,1.6492385864257812,hello_usempi,448,ompi
kubernetes-8/ompi/size_8_hello_usempi/mpis-8-hello_usempi-0,8,ompi,1.6541340351104736,hello_usempi,448,ompi
kubernetes-8/ompi/size_8_hello_usempi/mpis-8-hello_usempi-9,8,ompi,1.6475179195404053,hello_usempi,448,ompi
kubernetes-8/ompi/size_8_hello_usempi/mpis-8-hello_usempi-16,8,ompi,1.6373612880706787,hello_usempi,448,ompi
kubernetes-8/ompi/size_8_hello_usempi/mpis-8-hello_usempi-18,8,ompi,1.652780294418335,hello_usempi,448,ompi
kubernetes-8/ompi/size_8_hello_usempi/mpis-8-hello_usempi-7,8,ompi,1.6499333381652832,hello_usempi,448,ompi
kubernetes-8/ompi/size_8_hello_usempi/mpis-8-hello_usempi-14,8,ompi,1.6554114818572998,hello_usempi,448,ompi
kubernetes-8/ompi/size_8_hello_usempi/mpis-8-hello_usempi-13,8,ompi,1.6366603374481201,hello_usempi,448,ompi
kubernetes-8/ompi/size_8_hello_usempi/mpis-8-hello_usempi-3,8,ompi,1.6493902206420898,hello_usempi,448,ompi
kubernetes-8/ompi/size_8_hello_usempi/mpis-8-hello_usempi-15,8,ompi,1.6327087879180908,hello_usempi,448,ompi
kubernetes-8/ompi/size_8_hello_usempi/mpis-8-hello_usempi-6,8,ompi,1.6632697582244873,hello_usempi,448,ompi
kubernetes-8/ompi/size_8_hello_usempi/mpis-8-hello_usempi-17,8,ompi,1.6426970958709717,hello_usempi,448,ompi
kubernetes-8/ompi/size_8_hello_usempi/mpis-8-hello_usempi-2,8,ompi,1.6492195129394531,hello_usempi,448,ompi
kubernetes-8/ompi/size_8_hello_usempi/mpis-8-hello_usempi-10,8,ompi,1.6215136051177979,hello_usempi,448,ompi
kubernetes-8/ompi/size_8_hello_usempi/mpis-8-hello_usempi-5,8,ompi,1.6436715126037598,hello_usempi,448,ompi
kubernetes-8/ompi/size_8_hello_usempi/mpis-8-hello_usempi-11,8,ompi,1.651669979095459,hello_usempi,448,ompi
kubernetes-8/ompi/size_8_hello_usempi/mpis-8-hello_usempi-12,8,ompi,1.6609702110290527,hello_usempi,448,ompi
kubernetes-8/ompi/size_8_hello_usempi/mpis-8-hello_usempi-1,8,ompi,1.637378215789795,hello_usempi,448,ompi
kubernetes-8/ompi/size_6_hello_usempi/mpis-6-hello_usempi-6,6,ompi,1.5076544284820557,hello_usempi,336,ompi
kubernetes-8/ompi/size_6_hello_usempi/mpis-6-hello_usempi-13,6,ompi,1.4973535537719727,hello_usempi,336,ompi
kubernetes-8/ompi/size_6_hello_usempi/mpis-6-hello_usempi-14,6,ompi,1.498737096786499,hello_usempi,336,ompi
kubernetes-8/ompi/size_6_hello_usempi/mpis-6-hello_usempi-0,6,ompi,1.53271484375,hello_usempi,336,ompi
kubernetes-8/ompi/size_6_hello_usempi/mpis-6-hello_usempi-18,6,ompi,1.5022215843200684,hello_usempi,336,ompi
kubernetes-8/ompi/size_6_hello_usempi/mpis-6-hello_usempi-10,6,ompi,1.5086379051208496,hello_usempi,336,ompi
kubernetes-8/ompi/size_6_hello_usempi/mpis-6-hello_usempi-3,6,ompi,1.4984803199768066,hello_usempi,336,ompi
kubernetes-8/ompi/size_6_hello_usempi/mpis-6-hello_usempi-1,6,ompi,1.509826421737671,hello_usempi,336,ompi
kubernetes-8/ompi/size_6_hello_usempi/mpis-6-hello_usempi-5,6,ompi,1.5132148265838623,hello_usempi,336,ompi
kubernetes-8/ompi/size_6_hello_usempi/mpis-6-hello_usempi-15,6,ompi,1.4964540004730225,hello_usempi,336,ompi
kubernetes-8/ompi/size_6_hello_usempi/mpis-6-hello_usempi-2,6,ompi,1.5028324127197266,hello_usempi,336,ompi
kubernetes-8/ompi/size_6_hello_usempi/mpis-6-hello_usempi-4,6,ompi,1.5192747116088867,hello_usempi,336,ompi
kubernetes-8/ompi/size_6_hello_usempi/mpis-6-hello_usempi-16,6,ompi,1.5011143684387207,hello_usempi,336,ompi
kubernetes-8/ompi/size_6_hello_usempi/mpis-6-hello_usempi-9,6,ompi,1.5019376277923584,hello_usempi,336,ompi
kubernetes-8/ompi/size_6_hello_usempi/mpis-6-hello_usempi-12,6,ompi,1.4830622673034668,hello_usempi,336,ompi
kubernetes-8/ompi/size_6_hello_usempi/mpis-6-hello_usempi-17,6,ompi,1.4789516925811768,hello_usempi,336,ompi
kubernetes-8/ompi/size_6_hello_usempi/mpis-6-hello_usempi-11,6,ompi,1.4946844577789307,hello_usempi,336,ompi
kubernetes-8/ompi/size_6_hello_usempi/mpis-6-hello_usempi-7,6,ompi,1.5056369304656982,hello_usempi,336,ompi
kubernetes-8/ompi/size_6_hello_usempi/mpis-6-hello_usempi-19,6,ompi,1.5003118515014648,hello_usempi,336,ompi
kubernetes-8/ompi/size_6_hello_usempi/mpis-6-hello_usempi-8,6,ompi,1.4912080764770508,hello_usempi,336,ompi
kubernetes-8/ompi/size_7_hello_usempi-noaff/mpis-7-hello_usempi-noaff-13,7,ompi,1.465012550354004,hello_usempi-noaff,392,ompi-noaff
kubernetes-8/ompi/size_7_hello_usempi-noaff/mpis-7-hello_usempi-noaff-2,7,ompi,1.442535400390625,hello_usempi-noaff,392,ompi-noaff
kubernetes-8/ompi/size_7_hello_usempi-noaff/mpis-7-hello_usempi-noaff-8,7,ompi,1.4749946594238281,hello_usempi-noaff,392,ompi-noaff
kubernetes-8/ompi/size_7_hello_usempi-noaff/mpis-7-hello_usempi-noaff-4,7,ompi,1.473299503326416,hello_usempi-noaff,392,ompi-noaff
kubernetes-8/ompi/size_7_hello_usempi-noaff/mpis-7-hello_usempi-noaff-14,7,ompi,1.4337835311889648,hello_usempi-noaff,392,ompi-noaff
kubernetes-8/ompi/size_7_hello_usempi-noaff/mpis-7-hello_usempi-noaff-11,7,ompi,1.456923484802246,hello_usempi-noaff,392,ompi-noaff
kubernetes-8/ompi/size_7_hello_usempi-noaff/mpis-7-hello_usempi-noaff-1,7,ompi,1.4478328227996826,hello_usempi-noaff,392,ompi-noaff
kubernetes-8/ompi/size_7_hello_usempi-noaff/mpis-7-hello_usempi-noaff-5,7,ompi,1.4559741020202637,hello_usempi-noaff,392,ompi-noaff
kubernetes-8/ompi/size_7_hello_usempi-noaff/mpis-7-hello_usempi-noaff-0,7,ompi,1.4500300884246826,hello_usempi-noaff,392,ompi-noaff
kubernetes-8/ompi/size_7_hello_usempi-noaff/mpis-7-hello_usempi-noaff-9,7,ompi,1.4581708908081055,hello_usempi-noaff,392,ompi-noaff
kubernetes-8/ompi/size_7_hello_usempi-noaff/mpis-7-hello_usempi-noaff-7,7,ompi,1.4613168239593506,hello_usempi-noaff,392,ompi-noaff
kubernetes-8/ompi/size_7_hello_usempi-noaff/mpis-7-hello_usempi-noaff-19,7,ompi,1.4422039985656738,hello_usempi-noaff,392,ompi-noaff
kubernetes-8/ompi/size_7_hello_usempi-noaff/mpis-7-hello_usempi-noaff-17,7,ompi,1.4579060077667236,hello_usempi-noaff,392,ompi-noaff
kubernetes-8/ompi/size_7_hello_usempi-noaff/mpis-7-hello_usempi-noaff-15,7,ompi,1.468299150466919,hello_usempi-noaff,392,ompi-noaff
kubernetes-8/ompi/size_7_hello_usempi-noaff/mpis-7-hello_usempi-noaff-10,7,ompi,1.4523983001708984,hello_usempi-noaff,392,ompi-noaff
kubernetes-8/ompi/size_7_hello_usempi-noaff/mpis-7-hello_usempi-noaff-18,7,ompi,1.4407801628112793,hello_usempi-noaff,392,ompi-noaff
kubernetes-8/ompi/size_7_hello_usempi-noaff/mpis-7-hello_usempi-noaff-12,7,ompi,1.4572689533233643,hello_usempi-noaff,392,ompi-noaff
kubernetes-8/ompi/size_7_hello_usempi-noaff/mpis-7-hello_usempi-noaff-6,7,ompi,1.4809439182281494,hello_usempi-noaff,392,ompi-noaff
kubernetes-8/ompi/size_7_hello_usempi-noaff/mpis-7-hello_usempi-noaff-16,7,ompi,1.4669179916381836,hello_usempi-noaff,392,ompi-noaff
kubernetes-8/ompi/size_7_hello_usempi-noaff/mpis-7-hello_usempi-noaff-3,7,ompi,1.4427976608276367,hello_usempi-noaff,392,ompi-noaff
kubernetes-8/ompi/size_1_hello_usempi/mpis-1-hello_usempi-4,1,ompi,1.2007477283477783,hello_usempi,56,ompi
kubernetes-8/ompi/size_1_hello_usempi/mpis-1-hello_usempi-19,1,ompi,1.2410783767700195,hello_usempi,56,ompi
kubernetes-8/ompi/size_1_hello_usempi/mpis-1-hello_usempi-16,1,ompi,1.2099015712738037,hello_usempi,56,ompi
kubernetes-8/ompi/size_1_hello_usempi/mpis-1-hello_usempi-12,1,ompi,1.1937942504882812,hello_usempi,56,ompi
kubernetes-8/ompi/size_1_hello_usempi/mpis-1-hello_usempi-9,1,ompi,1.1994268894195557,hello_usempi,56,ompi
kubernetes-8/ompi/size_1_hello_usempi/mpis-1-hello_usempi-0,1,ompi,1.201425552368164,hello_usempi,56,ompi
kubernetes-8/ompi/size_1_hello_usempi/mpis-1-hello_usempi-11,1,ompi,1.2132148742675781,hello_usempi,56,ompi
kubernetes-8/ompi/size_1_hello_usempi/mpis-1-hello_usempi-2,1,ompi,1.175102710723877,hello_usempi,56,ompi
kubernetes-8/ompi/size_1_hello_usempi/mpis-1-hello_usempi-3,1,ompi,1.187032699584961,hello_usempi,56,ompi
kubernetes-8/ompi/size_1_hello_usempi/mpis-1-hello_usempi-1,1,ompi,1.2216956615447998,hello_usempi,56,ompi
kubernetes-8/ompi/size_1_hello_usempi/mpis-1-hello_usempi-6,1,ompi,1.196887731552124,hello_usempi,56,ompi
kubernetes-8/ompi/size_1_hello_usempi/mpis-1-hello_usempi-8,1,ompi,1.2189910411834717,hello_usempi,56,ompi
kubernetes-8/ompi/size_1_hello_usempi/mpis-1-hello_usempi-7,1,ompi,1.2190840244293213,hello_usempi,56,ompi
kubernetes-8/ompi/size_1_hello_usempi/mpis-1-hello_usempi-14,1,ompi,1.198829174041748,hello_usempi,56,ompi
kubernetes-8/ompi/size_1_hello_usempi/mpis-1-hello_usempi-17,1,ompi,1.2218017578125,hello_usempi,56,ompi
kubernetes-8/ompi/size_1_hello_usempi/mpis-1-hello_usempi-18,1,ompi,1.1636524200439453,hello_usempi,56,ompi
kubernetes-8/ompi/size_1_hello_usempi/mpis-1-hello_usempi-5,1,ompi,1.19443678855896,hello_usempi,56,ompi
kubernetes-8/ompi/size_1_hello_usempi/mpis-1-hello_usempi-13,1,ompi,1.2116022109985352,hello_usempi,56,ompi
kubernetes-8/ompi/size_1_hello_usempi/mpis-1-hello_usempi-15,1,ompi,1.197227954864502,hello_usempi,56,ompi
kubernetes-8/ompi/size_1_hello_usempi/mpis-1-hello_usempi-10,1,ompi,1.2322235107421875,hello_usempi,56,ompi
kubernetes-8/ompi/size_5_hello_usempi/mpis-5-hello_usempi-10,5,ompi,1.479499101638794,hello_usempi,280,ompi
kubernetes-8/ompi/size_5_hello_usempi/mpis-5-hello_usempi-15,5,ompi,1.5050225257873535,hello_usempi,280,ompi
kubernetes-8/ompi/size_5_hello_usempi/mpis-5-hello_usempi-9,5,ompi,1.4607133865356445,hello_usempi,280,ompi
kubernetes-8/ompi/size_5_hello_usempi/mpis-5-hello_usempi-16,5,ompi,1.4526703357696533,hello_usempi,280,ompi
kubernetes-8/ompi/size_5_hello_usempi/mpis-5-hello_usempi-12,5,ompi,1.4639129638671875,hello_usempi,280,ompi
kubernetes-8/ompi/size_5_hello_usempi/mpis-5-hello_usempi-2,5,ompi,1.4878325462341309,hello_usempi,280,ompi
kubernetes-8/ompi/size_5_hello_usempi/mpis-5-hello_usempi-1,5,ompi,1.48698091506958,hello_usempi,280,ompi
kubernetes-8/ompi/size_5_hello_usempi/mpis-5-hello_usempi-7,5,ompi,1.5119755268096924,hello_usempi,280,ompi
kubernetes-8/ompi/size_5_hello_usempi/mpis-5-hello_usempi-4,5,ompi,1.4766881465911865,hello_usempi,280,ompi
kubernetes-8/ompi/size_5_hello_usempi/mpis-5-hello_usempi-14,5,ompi,1.444671630859375,hello_usempi,280,ompi
kubernetes-8/ompi/size_5_hello_usempi/mpis-5-hello_usempi-3,5,ompi,1.4540977478027344,hello_usempi,280,ompi
kubernetes-8/ompi/size_5_hello_usempi/mpis-5-hello_usempi-11,5,ompi,1.487485408782959,hello_usempi,280,ompi
kubernetes-8/ompi/size_5_hello_usempi/mpis-5-hello_usempi-8,5,ompi,1.4689385890960693,hello_usempi,280,ompi
kubernetes-8/ompi/size_5_hello_usempi/mpis-5-hello_usempi-17,5,ompi,1.4842233657836914,hello_usempi,280,ompi
kubernetes-8/ompi/size_5_hello_usempi/mpis-5-hello_usempi-6,5,ompi,1.485365390777588,hello_usempi,280,ompi
kubernetes-8/ompi/size_5_hello_usempi/mpis-5-hello_usempi-19,5,ompi,1.4875833988189697,hello_usempi,280,ompi
kubernetes-8/ompi/size_5_hello_usempi/mpis-5-hello_usempi-5,5,ompi,1.4795210361480713,hello_usempi,280,ompi
kubernetes-8/ompi/size_5_hello_usempi/mpis-5-hello_usempi-18,5,ompi,1.469043493270874,hello_usempi,280,ompi
kubernetes-8/ompi/size_5_hello_usempi/mpis-5-hello_usempi-13,5,ompi,1.4886562824249268,hello_usempi,280,ompi
kubernetes-8/ompi/size_5_hello_usempi/mpis-5-hello_usempi-0,5,ompi,1.5041790008544922,hello_usempi,280,ompi
kubernetes-8/ompi/size_7_hello_usempi/mpis-7-hello_usempi-12,7,ompi,1.5407397747039795,hello_usempi,392,ompi
kubernetes-8/ompi/size_7_hello_usempi/mpis-7-hello_usempi-14,7,ompi,1.5205774307250977,hello_usempi,392,ompi
kubernetes-8/ompi/size_7_hello_usempi/mpis-7-hello_usempi-9,7,ompi,1.5430481433868408,hello_usempi,392,ompi
kubernetes-8/ompi/size_7_hello_usempi/mpis-7-hello_usempi-0,7,ompi,1.5289387702941895,hello_usempi,392,ompi
kubernetes-8/ompi/size_7_hello_usempi/mpis-7-hello_usempi-1,7,ompi,1.539599895477295,hello_usempi,392,ompi
kubernetes-8/ompi/size_7_hello_usempi/mpis-7-hello_usempi-13,7,ompi,1.558128833770752,hello_usempi,392,ompi
kubernetes-8/ompi/size_7_hello_usempi/mpis-7-hello_usempi-16,7,ompi,1.5327155590057373,hello_usempi,392,ompi
kubernetes-8/ompi/size_7_hello_usempi/mpis-7-hello_usempi-18,7,ompi,1.5268335342407227,hello_usempi,392,ompi
kubernetes-8/ompi/size_7_hello_usempi/mpis-7-hello_usempi-8,7,ompi,1.5461270809173584,hello_usempi,392,ompi
kubernetes-8/ompi/size_7_hello_usempi/mpis-7-hello_usempi-11,7,ompi,1.5433568954467773,hello_usempi,392,ompi
kubernetes-8/ompi/size_7_hello_usempi/mpis-7-hello_usempi-5,7,ompi,1.5303523540496826,hello_usempi,392,ompi
kubernetes-8/ompi/size_7_hello_usempi/mpis-7-hello_usempi-17,7,ompi,1.5378003120422363,hello_usempi,392,ompi
kubernetes-8/ompi/size_7_hello_usempi/mpis-7-hello_usempi-3,7,ompi,1.526569128036499,hello_usempi,392,ompi
kubernetes-8/ompi/size_7_hello_usempi/mpis-7-hello_usempi-4,7,ompi,1.5217514038085938,hello_usempi,392,ompi
kubernetes-8/ompi/size_7_hello_usempi/mpis-7-hello_usempi-15,7,ompi,1.538463830947876,hello_usempi,392,ompi
kubernetes-8/ompi/size_7_hello_usempi/mpis-7-hello_usempi-10,7,ompi,1.5297293663024902,hello_usempi,392,ompi
kubernetes-8/ompi/size_7_hello_usempi/mpis-7-hello_usempi-6,7,ompi,1.54296875,hello_usempi,392,ompi
kubernetes-8/ompi/size_7_hello_usempi/mpis-7-hello_usempi-7,7,ompi,1.5497777462005615,hello_usempi,392,ompi
kubernetes-8/ompi/size_7_hello_usempi/mpis-7-hello_usempi-19,7,ompi,1.5244019031524658,hello_usempi,392,ompi
kubernetes-8/ompi/size_7_hello_usempi/mpis-7-hello_usempi-2,7,ompi,1.5250322818756104,hello_usempi,392,ompi
kubernetes-8/ompi/size_2_hello_usempi/mpis-2-hello_usempi-19,2,ompi,1.3012974262237549,hello_usempi,112,ompi
kubernetes-8/ompi/size_2_hello_usempi/mpis-2-hello_usempi-15,2,ompi,1.301966905593872,hello_usempi,112,ompi
kubernetes-8/ompi/size_2_hello_usempi/mpis-2-hello_usempi-1,2,ompi,1.320505142211914,hello_usempi,112,ompi
kubernetes-8/ompi/size_2_hello_usempi/mpis-2-hello_usempi-3,2,ompi,1.313441514968872,hello_usempi,112,ompi
kubernetes-8/ompi/size_2_hello_usempi/mpis-2-hello_usempi-2,2,ompi,1.3038313388824463,hello_usempi,112,ompi
kubernetes-8/ompi/size_2_hello_usempi/mpis-2-hello_usempi-12,2,ompi,1.3160812854766846,hello_usempi,112,ompi
kubernetes-8/ompi/size_2_hello_usempi/mpis-2-hello_usempi-10,2,ompi,1.3114759922027588,hello_usempi,112,ompi
kubernetes-8/ompi/size_2_hello_usempi/mpis-2-hello_usempi-8,2,ompi,1.3221180438995361,hello_usempi,112,ompi
kubernetes-8/ompi/size_2_hello_usempi/mpis-2-hello_usempi-11,2,ompi,1.3042337894439697,hello_usempi,112,ompi
kubernetes-8/ompi/size_2_hello_usempi/mpis-2-hello_usempi-13,2,ompi,1.3013827800750732,hello_usempi,112,ompi
kubernetes-8/ompi/size_2_hello_usempi/mpis-2-hello_usempi-14,2,ompi,1.3078100681304932,hello_usempi,112,ompi
kubernetes-8/ompi/size_2_hello_usempi/mpis-2-hello_usempi-9,2,ompi,1.3200984001159668,hello_usempi,112,ompi
kubernetes-8/ompi/size_2_hello_usempi/mpis-2-hello_usempi-16,2,ompi,1.2915823459625244,hello_usempi,112,ompi
kubernetes-8/ompi/size_2_hello_usempi/mpis-2-hello_usempi-6,2,ompi,1.299630880355835,hello_usempi,112,ompi
kubernetes-8/ompi/size_2_hello_usempi/mpis-2-hello_usempi-4,2,ompi,1.3173487186431885,hello_usempi,112,ompi
kubernetes-8/ompi/size_2_hello_usempi/mpis-2-hello_usempi-17,2,ompi,1.3200297355651855,hello_usempi,112,ompi
kubernetes-8/ompi/size_2_hello_usempi/mpis-2-hello_usempi-18,2,ompi,1.3252737522125244,hello_usempi,112,ompi
kubernetes-8/ompi/size_2_hello_usempi/mpis-2-hello_usempi-0,2,ompi,1.3055520057678223,hello_usempi,112,ompi
kubernetes-8/ompi/size_2_hello_usempi/mpis-2-hello_usempi-5,2,ompi,1.305868148803711,hello_usempi,112,ompi
kubernetes-8/ompi/size_2_hello_usempi/mpis-2-hello_usempi-7,2,ompi,1.299757957458496,hello_usempi,112,ompi
kubernetes-8/ompi/size_2_hello_usempi-noaff/mpis-2-hello_usempi-noaff-19,2,ompi,1.2558271884918213,hello_usempi-noaff,112,ompi-noaff
kubernetes-8/ompi/size_2_hello_usempi-noaff/mpis-2-hello_usempi-noaff-5,2,ompi,1.2397956848144531,hello_usempi-noaff,112,ompi-noaff
kubernetes-8/ompi/size_2_hello_usempi-noaff/mpis-2-hello_usempi-noaff-14,2,ompi,1.2407891750335693,hello_usempi-noaff,112,ompi-noaff
kubernetes-8/ompi/size_2_hello_usempi-noaff/mpis-2-hello_usempi-noaff-0,2,ompi,1.2236261367797852,hello_usempi-noaff,112,ompi-noaff
kubernetes-8/ompi/size_2_hello_usempi-noaff/mpis-2-hello_usempi-noaff-9,2,ompi,1.224863052368164,hello_usempi-noaff,112,ompi-noaff
kubernetes-8/ompi/size_2_hello_usempi-noaff/mpis-2-hello_usempi-noaff-4,2,ompi,1.2243928909301758,hello_usempi-noaff,112,ompi-noaff
kubernetes-8/ompi/size_2_hello_usempi-noaff/mpis-2-hello_usempi-noaff-16,2,ompi,1.228153944015503,hello_usempi-noaff,112,ompi-noaff
kubernetes-8/ompi/size_2_hello_usempi-noaff/mpis-2-hello_usempi-noaff-18,2,ompi,1.245847463607788,hello_usempi-noaff,112,ompi-noaff
kubernetes-8/ompi/size_2_hello_usempi-noaff/mpis-2-hello_usempi-noaff-2,2,ompi,1.2126660346984863,hello_usempi-noaff,112,ompi-noaff
kubernetes-8/ompi/size_2_hello_usempi-noaff/mpis-2-hello_usempi-noaff-11,2,ompi,1.2246532440185547,hello_usempi-noaff,112,ompi-noaff
kubernetes-8/ompi/size_2_hello_usempi-noaff/mpis-2-hello_usempi-noaff-3,2,ompi,1.2506301403045654,hello_usempi-noaff,112,ompi-noaff
kubernetes-8/ompi/size_2_hello_usempi-noaff/mpis-2-hello_usempi-noaff-10,2,ompi,1.2406558990478516,hello_usempi-noaff,112,ompi-noaff
kubernetes-8/ompi/size_2_hello_usempi-noaff/mpis-2-hello_usempi-noaff-6,2,ompi,1.2326176166534424,hello_usempi-noaff,112,ompi-noaff
kubernetes-8/ompi/size_2_hello_usempi-noaff/mpis-2-hello_usempi-noaff-17,2,ompi,1.2325022220611572,hello_usempi-noaff,112,ompi-noaff
kubernetes-8/ompi/size_2_hello_usempi-noaff/mpis-2-hello_usempi-noaff-7,2,ompi,1.2692325115203857,hello_usempi-noaff,112,ompi-noaff
kubernetes-8/ompi/size_2_hello_usempi-noaff/mpis-2-hello_usempi-noaff-12,2,ompi,1.2652783393859863,hello_usempi-noaff,112,ompi-noaff
kubernetes-8/ompi/size_2_hello_usempi-noaff/mpis-2-hello_usempi-noaff-1,2,ompi,1.2503175735473633,hello_usempi-noaff,112,ompi-noaff
kubernetes-8/ompi/size_2_hello_usempi-noaff/mpis-2-hello_usempi-noaff-15,2,ompi,1.254885196685791,hello_usempi-noaff,112,ompi-noaff
kubernetes-8/ompi/size_2_hello_usempi-noaff/mpis-2-hello_usempi-noaff-13,2,ompi,1.2201471328735352,hello_usempi-noaff,112,ompi-noaff
kubernetes-8/ompi/size_2_hello_usempi-noaff/mpis-2-hello_usempi-noaff-8,2,ompi,1.2709856033325195,hello_usempi-noaff,112,ompi-noaff
kubernetes-8/ompi/size_6_hello_usempi-noaff/mpis-6-hello_usempi-noaff-2,6,ompi,1.4090216159820557,hello_usempi-noaff,336,ompi-noaff
kubernetes-8/ompi/size_6_hello_usempi-noaff/mpis-6-hello_usempi-noaff-6,6,ompi,1.4374630451202393,hello_usempi-noaff,336,ompi-noaff
kubernetes-8/ompi/size_6_hello_usempi-noaff/mpis-6-hello_usempi-noaff-4,6,ompi,1.411397933959961,hello_usempi-noaff,336,ompi-noaff
kubernetes-8/ompi/size_6_hello_usempi-noaff/mpis-6-hello_usempi-noaff-11,6,ompi,1.427471399307251,hello_usempi-noaff,336,ompi-noaff
kubernetes-8/ompi/size_6_hello_usempi-noaff/mpis-6-hello_usempi-noaff-10,6,ompi,1.4278590679168701,hello_usempi-noaff,336,ompi-noaff
kubernetes-8/ompi/size_6_hello_usempi-noaff/mpis-6-hello_usempi-noaff-5,6,ompi,1.437668800354004,hello_usempi-noaff,336,ompi-noaff
kubernetes-8/ompi/size_6_hello_usempi-noaff/mpis-6-hello_usempi-noaff-0,6,ompi,1.401820421218872,hello_usempi-noaff,336,ompi-noaff
kubernetes-8/ompi/size_6_hello_usempi-noaff/mpis-6-hello_usempi-noaff-16,6,ompi,1.4132771492004395,hello_usempi-noaff,336,ompi-noaff
kubernetes-8/ompi/size_6_hello_usempi-noaff/mpis-6-hello_usempi-noaff-18,6,ompi,1.4109158515930176,hello_usempi-noaff,336,ompi-noaff
kubernetes-8/ompi/size_6_hello_usempi-noaff/mpis-6-hello_usempi-noaff-3,6,ompi,1.415544033050537,hello_usempi-noaff,336,ompi-noaff
kubernetes-8/ompi/size_6_hello_usempi-noaff/mpis-6-hello_usempi-noaff-14,6,ompi,1.4354441165924072,hello_usempi-noaff,336,ompi-noaff
kubernetes-8/ompi/size_6_hello_usempi-noaff/mpis-6-hello_usempi-noaff-12,6,ompi,1.4332993030548096,hello_usempi-noaff,336,ompi-noaff
kubernetes-8/ompi/size_6_hello_usempi-noaff/mpis-6-hello_usempi-noaff-9,6,ompi,1.396852970123291,hello_usempi-noaff,336,ompi-noaff
kubernetes-8/ompi/size_6_hello_usempi-noaff/mpis-6-hello_usempi-noaff-15,6,ompi,1.4099013805389404,hello_usempi-noaff,336,ompi-noaff
kubernetes-8/ompi/size_6_hello_usempi-noaff/mpis-6-hello_usempi-noaff-8,6,ompi,1.4273443222045898,hello_usempi-noaff,336,ompi-noaff
kubernetes-8/ompi/size_6_hello_usempi-noaff/mpis-6-hello_usempi-noaff-1,6,ompi,1.4183306694030762,hello_usempi-noaff,336,ompi-noaff
kubernetes-8/ompi/size_6_hello_usempi-noaff/mpis-6-hello_usempi-noaff-17,6,ompi,1.3993439674377441,hello_usempi-noaff,336,ompi-noaff
kubernetes-8/ompi/size_6_hello_usempi-noaff/mpis-6-hello_usempi-noaff-19,6,ompi,1.4233784675598145,hello_usempi-noaff,336,ompi-noaff
kubernetes-8/ompi/size_6_hello_usempi-noaff/mpis-6-hello_usempi-noaff-13,6,ompi,1.4230620861053467,hello_usempi-noaff,336,ompi-noaff
kubernetes-8/ompi/size_6_hello_usempi-noaff/mpis-6-hello_usempi-noaff-7,6,ompi,1.4240319728851318,hello_usempi-noaff,336,ompi-noaff
kubernetes-8/ompi/size_3_hello_usempi/mpis-3-hello_usempi-9,3,ompi,1.351999044418335,hello_usempi,168,ompi
kubernetes-8/ompi/size_3_hello_usempi/mpis-3-hello_usempi-13,3,ompi,1.3458099365234375,hello_usempi,168,ompi
kubernetes-8/ompi/size_3_hello_usempi/mpis-3-hello_usempi-1,3,ompi,1.3297209739685059,hello_usempi,168,ompi
kubernetes-8/ompi/size_3_hello_usempi/mpis-3-hello_usempi-14,3,ompi,1.3514034748077393,hello_usempi,168,ompi
kubernetes-8/ompi/size_3_hello_usempi/mpis-3-hello_usempi-4,3,ompi,1.3346669673919678,hello_usempi,168,ompi
kubernetes-8/ompi/size_3_hello_usempi/mpis-3-hello_usempi-6,3,ompi,1.3556337356567383,hello_usempi,168,ompi
kubernetes-8/ompi/size_3_hello_usempi/mpis-3-hello_usempi-19,3,ompi,1.3380672931671143,hello_usempi,168,ompi
kubernetes-8/ompi/size_3_hello_usempi/mpis-3-hello_usempi-7,3,ompi,1.345367193222046,hello_usempi,168,ompi
kubernetes-8/ompi/size_3_hello_usempi/mpis-3-hello_usempi-0,3,ompi,1.3431453704833984,hello_usempi,168,ompi
kubernetes-8/ompi/size_3_hello_usempi/mpis-3-hello_usempi-3,3,ompi,1.3347265720367432,hello_usempi,168,ompi
kubernetes-8/ompi/size_3_hello_usempi/mpis-3-hello_usempi-10,3,ompi,1.3488004207611084,hello_usempi,168,ompi
kubernetes-8/ompi/size_3_hello_usempi/mpis-3-hello_usempi-16,3,ompi,1.3448703289031982,hello_usempi,168,ompi
kubernetes-8/ompi/size_3_hello_usempi/mpis-3-hello_usempi-17,3,ompi,1.3410675525665283,hello_usempi,168,ompi
kubernetes-8/ompi/size_3_hello_usempi/mpis-3-hello_usempi-18,3,ompi,1.3571059703826904,hello_usempi,168,ompi
kubernetes-8/ompi/size_3_hello_usempi/mpis-3-hello_usempi-12,3,ompi,1.333254098892212,hello_usempi,168,ompi
kubernetes-8/ompi/size_3_hello_usempi/mpis-3-hello_usempi-11,3,ompi,1.3436005115509033,hello_usempi,168,ompi
kubernetes-8/ompi/size_3_hello_usempi/mpis-3-hello_usempi-15,3,ompi,1.3374137878417969,hello_usempi,168,ompi
kubernetes-8/ompi/size_3_hello_usempi/mpis-3-hello_usempi-5,3,ompi,1.340343713760376,hello_usempi,168,ompi
kubernetes-8/ompi/size_3_hello_usempi/mpis-3-hello_usempi-8,3,ompi,1.3553454875946045,hello_usempi,168,ompi
kubernetes-8/ompi/size_3_hello_usempi/mpis-3-hello_usempi-2,3,ompi,1.3506731986999512,hello_usempi,168,ompi
kubernetes-8/ompi/size_8_hello_usempi-noaff/mpis-8-hello_usempi-noaff-17,8,ompi,1.5598232746124268,hello_usempi-noaff,448,ompi-noaff
kubernetes-8/ompi/size_8_hello_usempi-noaff/mpis-8-hello_usempi-noaff-12,8,ompi,1.5514888763427734,hello_usempi-noaff,448,ompi-noaff
kubernetes-8/ompi/size_8_hello_usempi-noaff/mpis-8-hello_usempi-noaff-3,8,ompi,1.5494811534881592,hello_usempi-noaff,448,ompi-noaff
kubernetes-8/ompi/size_8_hello_usempi-noaff/mpis-8-hello_usempi-noaff-5,8,ompi,1.5680139064788818,hello_usempi-noaff,448,ompi-noaff
kubernetes-8/ompi/size_8_hello_usempi-noaff/mpis-8-hello_usempi-noaff-10,8,ompi,1.561790943145752,hello_usempi-noaff,448,ompi-noaff
kubernetes-8/ompi/size_8_hello_usempi-noaff/mpis-8-hello_usempi-noaff-16,8,ompi,1.5640013217926025,hello_usempi-noaff,448,ompi-noaff
kubernetes-8/ompi/size_8_hello_usempi-noaff/mpis-8-hello_usempi-noaff-0,8,ompi,1.5713298320770264,hello_usempi-noaff,448,ompi-noaff
kubernetes-8/ompi/size_8_hello_usempi-noaff/mpis-8-hello_usempi-noaff-7,8,ompi,1.5774891376495361,hello_usempi-noaff,448,ompi-noaff
kubernetes-8/ompi/size_8_hello_usempi-noaff/mpis-8-hello_usempi-noaff-9,8,ompi,1.5564744472503662,hello_usempi-noaff,448,ompi-noaff
kubernetes-8/ompi/size_8_hello_usempi-noaff/mpis-8-hello_usempi-noaff-14,8,ompi,1.5717804431915283,hello_usempi-noaff,448,ompi-noaff
kubernetes-8/ompi/size_8_hello_usempi-noaff/mpis-8-hello_usempi-noaff-4,8,ompi,1.5477643013000488,hello_usempi-noaff,448,ompi-noaff
kubernetes-8/ompi/size_8_hello_usempi-noaff/mpis-8-hello_usempi-noaff-13,8,ompi,1.5829501152038574,hello_usempi-noaff,448,ompi-noaff
kubernetes-8/ompi/size_8_hello_usempi-noaff/mpis-8-hello_usempi-noaff-11,8,ompi,1.560490608215332,hello_usempi-noaff,448,ompi-noaff
kubernetes-8/ompi/size_8_hello_usempi-noaff/mpis-8-hello_usempi-noaff-19,8,ompi,1.5736136436462402,hello_usempi-noaff,448,ompi-noaff
kubernetes-8/ompi/size_8_hello_usempi-noaff/mpis-8-hello_usempi-noaff-6,8,ompi,1.5509812831878662,hello_usempi-noaff,448,ompi-noaff
kubernetes-8/ompi/size_8_hello_usempi-noaff/mpis-8-hello_usempi-noaff-8,8,ompi,1.5695312023162842,hello_usempi-noaff,448,ompi-noaff
kubernetes-8/ompi/size_8_hello_usempi-noaff/mpis-8-hello_usempi-noaff-15,8,ompi,1.5632634162902832,hello_usempi-noaff,448,ompi-noaff
kubernetes-8/ompi/size_8_hello_usempi-noaff/mpis-8-hello_usempi-noaff-1,8,ompi,1.5697734355926514,hello_usempi-noaff,448,ompi-noaff
kubernetes-8/ompi/size_8_hello_usempi-noaff/mpis-8-hello_usempi-noaff-2,8,ompi,1.589829683303833,hello_usempi-noaff,448,ompi-noaff
kubernetes-8/ompi/size_8_hello_usempi-noaff/mpis-8-hello_usempi-noaff-18,8,ompi,1.5569117069244385,hello_usempi-noaff,448,ompi-noaff
kubernetes-8/ompi/size_3_hello_usempi-noaff/mpis-3-hello_usempi-noaff-1,3,ompi,1.277787685394287,hello_usempi-noaff,168,ompi-noaff
kubernetes-8/ompi/size_3_hello_usempi-noaff/mpis-3-hello_usempi-noaff-19,3,ompi,1.2827043533325195,hello_usempi-noaff,168,ompi-noaff
kubernetes-8/ompi/size_3_hello_usempi-noaff/mpis-3-hello_usempi-noaff-14,3,ompi,1.2863194942474365,hello_usempi-noaff,168,ompi-noaff
kubernetes-8/ompi/size_3_hello_usempi-noaff/mpis-3-hello_usempi-noaff-5,3,ompi,1.2639446258544922,hello_usempi-noaff,168,ompi-noaff
kubernetes-8/ompi/size_3_hello_usempi-noaff/mpis-3-hello_usempi-noaff-9,3,ompi,1.2853131294250488,hello_usempi-noaff,168,ompi-noaff
kubernetes-8/ompi/size_3_hello_usempi-noaff/mpis-3-hello_usempi-noaff-4,3,ompi,1.251648187637329,hello_usempi-noaff,168,ompi-noaff
kubernetes-8/ompi/size_3_hello_usempi-noaff/mpis-3-hello_usempi-noaff-13,3,ompi,1.2779357433319092,hello_usempi-noaff,168,ompi-noaff
kubernetes-8/ompi/size_3_hello_usempi-noaff/mpis-3-hello_usempi-noaff-7,3,ompi,1.2515044212341309,hello_usempi-noaff,168,ompi-noaff
kubernetes-8/ompi/size_3_hello_usempi-noaff/mpis-3-hello_usempi-noaff-2,3,ompi,1.2842614650726318,hello_usempi-noaff,168,ompi-noaff
kubernetes-8/ompi/size_3_hello_usempi-noaff/mpis-3-hello_usempi-noaff-11,3,ompi,1.2830729484558105,hello_usempi-noaff,168,ompi-noaff
kubernetes-8/ompi/size_3_hello_usempi-noaff/mpis-3-hello_usempi-noaff-3,3,ompi,1.274146318435669,hello_usempi-noaff,168,ompi-noaff
kubernetes-8/ompi/size_3_hello_usempi-noaff/mpis-3-hello_usempi-noaff-0,3,ompi,1.2653608322143555,hello_usempi-noaff,168,ompi-noaff
kubernetes-8/ompi/size_3_hello_usempi-noaff/mpis-3-hello_usempi-noaff-17,3,ompi,1.25958251953125,hello_usempi-noaff,168,ompi-noaff
kubernetes-8/ompi/size_3_hello_usempi-noaff/mpis-3-hello_usempi-noaff-15,3,ompi,1.2582340240478516,hello_usempi-noaff,168,ompi-noaff
kubernetes-8/ompi/size_3_hello_usempi-noaff/mpis-3-hello_usempi-noaff-10,3,ompi,1.2432441711425781,hello_usempi-noaff,168,ompi-noaff
kubernetes-8/ompi/size_3_hello_usempi-noaff/mpis-3-hello_usempi-noaff-16,3,ompi,1.2848849296569824,hello_usempi-noaff,168,ompi-noaff
kubernetes-8/ompi/size_3_hello_usempi-noaff/mpis-3-hello_usempi-noaff-8,3,ompi,1.2652010917663574,hello_usempi-noaff,168,ompi-noaff
kubernetes-8/ompi/size_3_hello_usempi-noaff/mpis-3-hello_usempi-noaff-12,3,ompi,1.2499346733093262,hello_usempi-noaff,168,ompi-noaff
kubernetes-8/ompi/size_3_hello_usempi-noaff/mpis-3-hello_usempi-noaff-18,3,ompi,1.2940001487731934,hello_usempi-noaff,168,ompi-noaff
kubernetes-8/ompi/size_3_hello_usempi-noaff/mpis-3-hello_usempi-noaff-6,3,ompi,1.2971234321594238,hello_usempi-noaff,168,ompi-noaff
kubernetes-8/ompi/size_4_hello_usempi/mpis-4-hello_usempi-12,4,ompi,1.3937628269195557,hello_usempi,224,ompi
kubernetes-8/ompi/size_4_hello_usempi/mpis-4-hello_usempi-6,4,ompi,1.4090993404388428,hello_usempi,224,ompi
kubernetes-8/ompi/size_4_hello_usempi/mpis-4-hello_usempi-17,4,ompi,1.4015367031097412,hello_usempi,224,ompi
kubernetes-8/ompi/size_4_hello_usempi/mpis-4-hello_usempi-13,4,ompi,1.4441978931427002,hello_usempi,224,ompi
kubernetes-8/ompi/size_4_hello_usempi/mpis-4-hello_usempi-18,4,ompi,1.4274160861968994,hello_usempi,224,ompi
kubernetes-8/ompi/size_4_hello_usempi/mpis-4-hello_usempi-0,4,ompi,1.4082615375518799,hello_usempi,224,ompi
kubernetes-8/ompi/size_4_hello_usempi/mpis-4-hello_usempi-10,4,ompi,1.4024033546447754,hello_usempi,224,ompi
kubernetes-8/ompi/size_4_hello_usempi/mpis-4-hello_usempi-3,4,ompi,1.3892641067504883,hello_usempi,224,ompi
kubernetes-8/ompi/size_4_hello_usempi/mpis-4-hello_usempi-15,4,ompi,1.3965470790863037,hello_usempi,224,ompi
kubernetes-8/ompi/size_4_hello_usempi/mpis-4-hello_usempi-1,4,ompi,1.4145994186401367,hello_usempi,224,ompi
kubernetes-8/ompi/size_4_hello_usempi/mpis-4-hello_usempi-2,4,ompi,1.404113531112671,hello_usempi,224,ompi
kubernetes-8/ompi/size_4_hello_usempi/mpis-4-hello_usempi-4,4,ompi,1.4001553058624268,hello_usempi,224,ompi
kubernetes-8/ompi/size_4_hello_usempi/mpis-4-hello_usempi-7,4,ompi,1.410517692565918,hello_usempi,224,ompi
kubernetes-8/ompi/size_4_hello_usempi/mpis-4-hello_usempi-19,4,ompi,1.4296135902404785,hello_usempi,224,ompi
kubernetes-8/ompi/size_4_hello_usempi/mpis-4-hello_usempi-14,4,ompi,1.424076795578003,hello_usempi,224,ompi
kubernetes-8/ompi/size_4_hello_usempi/mpis-4-hello_usempi-8,4,ompi,1.4065492153167725,hello_usempi,224,ompi
kubernetes-8/ompi/size_4_hello_usempi/mpis-4-hello_usempi-9,4,ompi,1.4447946548461914,hello_usempi,224,ompi
kubernetes-8/ompi/size_4_hello_usempi/mpis-4-hello_usempi-5,4,ompi,1.426621437072754,hello_usempi,224,ompi
kubernetes-8/ompi/size_4_hello_usempi/mpis-4-hello_usempi-16,4,ompi,1.415456771850586,hello_usempi,224,ompi
kubernetes-8/ompi/size_4_hello_usempi/mpis-4-hello_usempi-11,4,ompi,1.4261348247528076,hello_usempi,224,ompi
kubernetes-8/mpich/size_1_hello_usempi-noaff/mpis-1-hello_usempi-noaff-15,1,mpich,0.41274046897888184,hello_usempi-noaff,56,mpich-noaff
kubernetes-8/mpich/size_1_hello_usempi-noaff/mpis-1-hello_usempi-noaff-0,1,mpich,0.39280200004577637,hello_usempi-noaff,56,mpich-noaff
kubernetes-8/mpich/size_1_hello_usempi-noaff/mpis-1-hello_usempi-noaff-3,1,mpich,0.32791829109191895,hello_usempi-noaff,56,mpich-noaff
kubernetes-8/mpich/size_1_hello_usempi-noaff/mpis-1-hello_usempi-noaff-7,1,mpich,0.37233543395996094,hello_usempi-noaff,56,mpich-noaff
kubernetes-8/mpich/size_1_hello_usempi-noaff/mpis-1-hello_usempi-noaff-2,1,mpich,0.38155126571655273,hello_usempi-noaff,56,mpich-noaff
kubernetes-8/mpich/size_1_hello_usempi-noaff/mpis-1-hello_usempi-noaff-1,1,mpich,0.34259986877441406,hello_usempi-noaff,56,mpich-noaff
kubernetes-8/mpich/size_1_hello_usempi-noaff/mpis-1-hello_usempi-noaff-19,1,mpich,0.38657355308532715,hello_usempi-noaff,56,mpich-noaff
kubernetes-8/mpich/size_1_hello_usempi-noaff/mpis-1-hello_usempi-noaff-6,1,mpich,0.3327016830444336,hello_usempi-noaff,56,mpich-noaff
kubernetes-8/mpich/size_1_hello_usempi-noaff/mpis-1-hello_usempi-noaff-8,1,mpich,0.33493518829345703,hello_usempi-noaff,56,mpich-noaff
kubernetes-8/mpich/size_1_hello_usempi-noaff/mpis-1-hello_usempi-noaff-14,1,mpich,0.34539079666137695,hello_usempi-noaff,56,mpich-noaff
kubernetes-8/mpich/size_1_hello_usempi-noaff/mpis-1-hello_usempi-noaff-9,1,mpich,0.33591389656066895,hello_usempi-noaff,56,mpich-noaff
kubernetes-8/mpich/size_1_hello_usempi-noaff/mpis-1-hello_usempi-noaff-11,1,mpich,0.374774694442749,hello_usempi-noaff,56,mpich-noaff
kubernetes-8/mpich/size_1_hello_usempi-noaff/mpis-1-hello_usempi-noaff-18,1,mpich,0.41490840911865234,hello_usempi-noaff,56,mpich-noaff
kubernetes-8/mpich/size_1_hello_usempi-noaff/mpis-1-hello_usempi-noaff-12,1,mpich,0.3365190029144287,hello_usempi-noaff,56,mpich-noaff
kubernetes-8/mpich/size_1_hello_usempi-noaff/mpis-1-hello_usempi-noaff-4,1,mpich,0.32528018951416016,hello_usempi-noaff,56,mpich-noaff
kubernetes-8/mpich/size_1_hello_usempi-noaff/mpis-1-hello_usempi-noaff-16,1,mpich,0.37033891677856445,hello_usempi-noaff,56,mpich-noaff
kubernetes-8/mpich/size_1_hello_usempi-noaff/mpis-1-hello_usempi-noaff-13,1,mpich,0.37546491622924805,hello_usempi-noaff,56,mpich-noaff
kubernetes-8/mpich/size_1_hello_usempi-noaff/mpis-1-hello_usempi-noaff-5,1,mpich,0.34913206100463867,hello_usempi-noaff,56,mpich-noaff
kubernetes-8/mpich/size_1_hello_usempi-noaff/mpis-1-hello_usempi-noaff-17,1,mpich,0.40782642364501953,hello_usempi-noaff,56,mpich-noaff
kubernetes-8/mpich/size_1_hello_usempi-noaff/mpis-1-hello_usempi-noaff-10,1,mpich,0.33547496795654297,hello_usempi-noaff,56,mpich-noaff
kubernetes-8/mpich/size_4_hello_usempi-noaff/mpis-4-hello_usempi-noaff-0,4,mpich,0.4343225955963135,hello_usempi-noaff,224,mpich-noaff
kubernetes-8/mpich/size_4_hello_usempi-noaff/mpis-4-hello_usempi-noaff-19,4,mpich,0.46625638008117676,hello_usempi-noaff,224,mpich-noaff
kubernetes-8/mpich/size_4_hello_usempi-noaff/mpis-4-hello_usempi-noaff-12,4,mpich,0.4443511962890625,hello_usempi-noaff,224,mpich-noaff
kubernetes-8/mpich/size_4_hello_usempi-noaff/mpis-4-hello_usempi-noaff-6,4,mpich,0.4993250370025635,hello_usempi-noaff,224,mpich-noaff
kubernetes-8/mpich/size_4_hello_usempi-noaff/mpis-4-hello_usempi-noaff-5,4,mpich,0.4654405117034912,hello_usempi-noaff,224,mpich-noaff
kubernetes-8/mpich/size_4_hello_usempi-noaff/mpis-4-hello_usempi-noaff-14,4,mpich,0.427762508392334,hello_usempi-noaff,224,mpich-noaff
kubernetes-8/mpich/size_4_hello_usempi-noaff/mpis-4-hello_usempi-noaff-13,4,mpich,0.4796483516693115,hello_usempi-noaff,224,mpich-noaff
kubernetes-8/mpich/size_4_hello_usempi-noaff/mpis-4-hello_usempi-noaff-7,4,mpich,0.5096211433410645,hello_usempi-noaff,224,mpich-noaff
kubernetes-8/mpich/size_4_hello_usempi-noaff/mpis-4-hello_usempi-noaff-16,4,mpich,0.4453165531158447,hello_usempi-noaff,224,mpich-noaff
kubernetes-8/mpich/size_4_hello_usempi-noaff/mpis-4-hello_usempi-noaff-18,4,mpich,0.42762255668640137,hello_usempi-noaff,224,mpich-noaff
kubernetes-8/mpich/size_4_hello_usempi-noaff/mpis-4-hello_usempi-noaff-1,4,mpich,0.4428520202636719,hello_usempi-noaff,224,mpich-noaff
kubernetes-8/mpich/size_4_hello_usempi-noaff/mpis-4-hello_usempi-noaff-9,4,mpich,0.4638540744781494,hello_usempi-noaff,224,mpich-noaff
kubernetes-8/mpich/size_4_hello_usempi-noaff/mpis-4-hello_usempi-noaff-8,4,mpich,0.49654269218444824,hello_usempi-noaff,224,mpich-noaff
kubernetes-8/mpich/size_4_hello_usempi-noaff/mpis-4-hello_usempi-noaff-10,4,mpich,0.42578744888305664,hello_usempi-noaff,224,mpich-noaff
kubernetes-8/mpich/size_4_hello_usempi-noaff/mpis-4-hello_usempi-noaff-4,4,mpich,0.42087841033935547,hello_usempi-noaff,224,mpich-noaff
kubernetes-8/mpich/size_4_hello_usempi-noaff/mpis-4-hello_usempi-noaff-11,4,mpich,0.42594027519226074,hello_usempi-noaff,224,mpich-noaff
kubernetes-8/mpich/size_4_hello_usempi-noaff/mpis-4-hello_usempi-noaff-3,4,mpich,0.4464597702026367,hello_usempi-noaff,224,mpich-noaff
kubernetes-8/mpich/size_4_hello_usempi-noaff/mpis-4-hello_usempi-noaff-15,4,mpich,0.4267849922180176,hello_usempi-noaff,224,mpich-noaff
kubernetes-8/mpich/size_4_hello_usempi-noaff/mpis-4-hello_usempi-noaff-2,4,mpich,0.41680407524108887,hello_usempi-noaff,224,mpich-noaff
kubernetes-8/mpich/size_4_hello_usempi-noaff/mpis-4-hello_usempi-noaff-17,4,mpich,0.45221567153930664,hello_usempi-noaff,224,mpich-noaff
kubernetes-8/mpich/size_5_hello_usempi-noaff/mpis-5-hello_usempi-noaff-5,5,mpich,0.48349642753601074,hello_usempi-noaff,280,mpich-noaff
kubernetes-8/mpich/size_5_hello_usempi-noaff/mpis-5-hello_usempi-noaff-13,5,mpich,0.4837362766265869,hello_usempi-noaff,280,mpich-noaff
kubernetes-8/mpich/size_5_hello_usempi-noaff/mpis-5-hello_usempi-noaff-17,5,mpich,0.43762755393981934,hello_usempi-noaff,280,mpich-noaff
kubernetes-8/mpich/size_5_hello_usempi-noaff/mpis-5-hello_usempi-noaff-15,5,mpich,0.4608023166656494,hello_usempi-noaff,280,mpich-noaff
kubernetes-8/mpich/size_5_hello_usempi-noaff/mpis-5-hello_usempi-noaff-6,5,mpich,0.4808840751647949,hello_usempi-noaff,280,mpich-noaff
kubernetes-8/mpich/size_5_hello_usempi-noaff/mpis-5-hello_usempi-noaff-19,5,mpich,0.4637722969055176,hello_usempi-noaff,280,mpich-noaff
kubernetes-8/mpich/size_5_hello_usempi-noaff/mpis-5-hello_usempi-noaff-1,5,mpich,0.4620344638824463,hello_usempi-noaff,280,mpich-noaff
kubernetes-8/mpich/size_5_hello_usempi-noaff/mpis-5-hello_usempi-noaff-0,5,mpich,0.5060884952545166,hello_usempi-noaff,280,mpich-noaff
kubernetes-8/mpich/size_5_hello_usempi-noaff/mpis-5-hello_usempi-noaff-8,5,mpich,0.4443340301513672,hello_usempi-noaff,280,mpich-noaff
kubernetes-8/mpich/size_5_hello_usempi-noaff/mpis-5-hello_usempi-noaff-2,5,mpich,0.4465928077697754,hello_usempi-noaff,280,mpich-noaff
kubernetes-8/mpich/size_5_hello_usempi-noaff/mpis-5-hello_usempi-noaff-16,5,mpich,0.46195030212402344,hello_usempi-noaff,280,mpich-noaff
kubernetes-8/mpich/size_5_hello_usempi-noaff/mpis-5-hello_usempi-noaff-18,5,mpich,0.44141578674316406,hello_usempi-noaff,280,mpich-noaff
kubernetes-8/mpich/size_5_hello_usempi-noaff/mpis-5-hello_usempi-noaff-3,5,mpich,0.48036980628967285,hello_usempi-noaff,280,mpich-noaff
kubernetes-8/mpich/size_5_hello_usempi-noaff/mpis-5-hello_usempi-noaff-11,5,mpich,0.48107242584228516,hello_usempi-noaff,280,mpich-noaff
kubernetes-8/mpich/size_5_hello_usempi-noaff/mpis-5-hello_usempi-noaff-7,5,mpich,0.4788053035736084,hello_usempi-noaff,280,mpich-noaff
kubernetes-8/mpich/size_5_hello_usempi-noaff/mpis-5-hello_usempi-noaff-4,5,mpich,0.4659261703491211,hello_usempi-noaff,280,mpich-noaff
kubernetes-8/mpich/size_5_hello_usempi-noaff/mpis-5-hello_usempi-noaff-14,5,mpich,0.48107385635375977,hello_usempi-noaff,280,mpich-noaff
kubernetes-8/mpich/size_5_hello_usempi-noaff/mpis-5-hello_usempi-noaff-12,5,mpich,0.4553103446960449,hello_usempi-noaff,280,mpich-noaff
kubernetes-8/mpich/size_5_hello_usempi-noaff/mpis-5-hello_usempi-noaff-10,5,mpich,0.475675106048584,hello_usempi-noaff,280,mpich-noaff
kubernetes-8/mpich/size_5_hello_usempi-noaff/mpis-5-hello_usempi-noaff-9,5,mpich,0.45872998237609863,hello_usempi-noaff,280,mpich-noaff
kubernetes-8/mpich/size_8_hello_usempi/mpis-8-hello_usempi-8,8,mpich,0.3095872402191162,hello_usempi,448,mpich
kubernetes-8/mpich/size_8_hello_usempi/mpis-8-hello_usempi-19,8,mpich,0.3245980739593506,hello_usempi,448,mpich
kubernetes-8/mpich/size_8_hello_usempi/mpis-8-hello_usempi-4,8,mpich,0.3235619068145752,hello_usempi,448,mpich
kubernetes-8/mpich/size_8_hello_usempi/mpis-8-hello_usempi-0,8,mpich,0.3170769214630127,hello_usempi,448,mpich
kubernetes-8/mpich/size_8_hello_usempi/mpis-8-hello_usempi-9,8,mpich,0.30673885345458984,hello_usempi,448,mpich
kubernetes-8/mpich/size_8_hello_usempi/mpis-8-hello_usempi-16,8,mpich,0.304715633392334,hello_usempi,448,mpich
kubernetes-8/mpich/size_8_hello_usempi/mpis-8-hello_usempi-18,8,mpich,0.3262979984283447,hello_usempi,448,mpich
kubernetes-8/mpich/size_8_hello_usempi/mpis-8-hello_usempi-7,8,mpich,0.31937646865844727,hello_usempi,448,mpich
kubernetes-8/mpich/size_8_hello_usempi/mpis-8-hello_usempi-14,8,mpich,0.31021595001220703,hello_usempi,448,mpich
kubernetes-8/mpich/size_8_hello_usempi/mpis-8-hello_usempi-13,8,mpich,0.3423120975494385,hello_usempi,448,mpich
kubernetes-8/mpich/size_8_hello_usempi/mpis-8-hello_usempi-3,8,mpich,0.33736276626586914,hello_usempi,448,mpich
kubernetes-8/mpich/size_8_hello_usempi/mpis-8-hello_usempi-15,8,mpich,0.31353068351745605,hello_usempi,448,mpich
kubernetes-8/mpich/size_8_hello_usempi/mpis-8-hello_usempi-6,8,mpich,0.3137991428375244,hello_usempi,448,mpich
kubernetes-8/mpich/size_8_hello_usempi/mpis-8-hello_usempi-17,8,mpich,0.32088208198547363,hello_usempi,448,mpich
kubernetes-8/mpich/size_8_hello_usempi/mpis-8-hello_usempi-2,8,mpich,0.3239142894744873,hello_usempi,448,mpich
kubernetes-8/mpich/size_8_hello_usempi/mpis-8-hello_usempi-10,8,mpich,0.3314981460571289,hello_usempi,448,mpich
kubernetes-8/mpich/size_8_hello_usempi/mpis-8-hello_usempi-5,8,mpich,0.32084083557128906,hello_usempi,448,mpich
kubernetes-8/mpich/size_8_hello_usempi/mpis-8-hello_usempi-11,8,mpich,0.32126474380493164,hello_usempi,448,mpich
kubernetes-8/mpich/size_8_hello_usempi/mpis-8-hello_usempi-12,8,mpich,0.3327670097351074,hello_usempi,448,mpich
kubernetes-8/mpich/size_8_hello_usempi/mpis-8-hello_usempi-1,8,mpich,0.3248872756958008,hello_usempi,448,mpich
kubernetes-8/mpich/size_6_hello_usempi/mpis-6-hello_usempi-6,6,mpich,0.28748536109924316,hello_usempi,336,mpich
kubernetes-8/mpich/size_6_hello_usempi/mpis-6-hello_usempi-13,6,mpich,0.27080726623535156,hello_usempi,336,mpich
kubernetes-8/mpich/size_6_hello_usempi/mpis-6-hello_usempi-14,6,mpich,0.2834913730621338,hello_usempi,336,mpich
kubernetes-8/mpich/size_6_hello_usempi/mpis-6-hello_usempi-0,6,mpich,0.2823190689086914,hello_usempi,336,mpich
kubernetes-8/mpich/size_6_hello_usempi/mpis-6-hello_usempi-18,6,mpich,0.2775917053222656,hello_usempi,336,mpich
kubernetes-8/mpich/size_6_hello_usempi/mpis-6-hello_usempi-10,6,mpich,0.3125441074371338,hello_usempi,336,mpich
kubernetes-8/mpich/size_6_hello_usempi/mpis-6-hello_usempi-3,6,mpich,0.28554534912109375,hello_usempi,336,mpich
kubernetes-8/mpich/size_6_hello_usempi/mpis-6-hello_usempi-1,6,mpich,0.268343448638916,hello_usempi,336,mpich
kubernetes-8/mpich/size_6_hello_usempi/mpis-6-hello_usempi-5,6,mpich,0.27472400665283203,hello_usempi,336,mpich
kubernetes-8/mpich/size_6_hello_usempi/mpis-6-hello_usempi-15,6,mpich,0.2833993434906006,hello_usempi,336,mpich
kubernetes-8/mpich/size_6_hello_usempi/mpis-6-hello_usempi-2,6,mpich,0.2754993438720703,hello_usempi,336,mpich
kubernetes-8/mpich/size_6_hello_usempi/mpis-6-hello_usempi-4,6,mpich,0.29390835762023926,hello_usempi,336,mpich
kubernetes-8/mpich/size_6_hello_usempi/mpis-6-hello_usempi-16,6,mpich,0.2842369079589844,hello_usempi,336,mpich
kubernetes-8/mpich/size_6_hello_usempi/mpis-6-hello_usempi-9,6,mpich,0.28565025329589844,hello_usempi,336,mpich
kubernetes-8/mpich/size_6_hello_usempi/mpis-6-hello_usempi-12,6,mpich,0.2755143642425537,hello_usempi,336,mpich
kubernetes-8/mpich/size_6_hello_usempi/mpis-6-hello_usempi-17,6,mpich,0.27885937690734863,hello_usempi,336,mpich
kubernetes-8/mpich/size_6_hello_usempi/mpis-6-hello_usempi-11,6,mpich,0.2802772521972656,hello_usempi,336,mpich
kubernetes-8/mpich/size_6_hello_usempi/mpis-6-hello_usempi-7,6,mpich,0.27900075912475586,hello_usempi,336,mpich
kubernetes-8/mpich/size_6_hello_usempi/mpis-6-hello_usempi-19,6,mpich,0.2759227752685547,hello_usempi,336,mpich
kubernetes-8/mpich/size_6_hello_usempi/mpis-6-hello_usempi-8,6,mpich,0.292888879776001,hello_usempi,336,mpich
kubernetes-8/mpich/size_7_hello_usempi-noaff/mpis-7-hello_usempi-noaff-13,7,mpich,0.4872887134552002,hello_usempi-noaff,392,mpich-noaff
kubernetes-8/mpich/size_7_hello_usempi-noaff/mpis-7-hello_usempi-noaff-2,7,mpich,0.4877932071685791,hello_usempi-noaff,392,mpich-noaff
kubernetes-8/mpich/size_7_hello_usempi-noaff/mpis-7-hello_usempi-noaff-8,7,mpich,0.5042252540588379,hello_usempi-noaff,392,mpich-noaff
kubernetes-8/mpich/size_7_hello_usempi-noaff/mpis-7-hello_usempi-noaff-4,7,mpich,0.5265531539916992,hello_usempi-noaff,392,mpich-noaff
kubernetes-8/mpich/size_7_hello_usempi-noaff/mpis-7-hello_usempi-noaff-14,7,mpich,0.5038089752197266,hello_usempi-noaff,392,mpich-noaff
kubernetes-8/mpich/size_7_hello_usempi-noaff/mpis-7-hello_usempi-noaff-11,7,mpich,0.5216817855834961,hello_usempi-noaff,392,mpich-noaff
kubernetes-8/mpich/size_7_hello_usempi-noaff/mpis-7-hello_usempi-noaff-1,7,mpich,0.5285065174102783,hello_usempi-noaff,392,mpich-noaff
kubernetes-8/mpich/size_7_hello_usempi-noaff/mpis-7-hello_usempi-noaff-5,7,mpich,0.5294144153594971,hello_usempi-noaff,392,mpich-noaff
kubernetes-8/mpich/size_7_hello_usempi-noaff/mpis-7-hello_usempi-noaff-0,7,mpich,0.507960319519043,hello_usempi-noaff,392,mpich-noaff
kubernetes-8/mpich/size_7_hello_usempi-noaff/mpis-7-hello_usempi-noaff-9,7,mpich,0.5098490715026855,hello_usempi-noaff,392,mpich-noaff
kubernetes-8/mpich/size_7_hello_usempi-noaff/mpis-7-hello_usempi-noaff-7,7,mpich,0.508338212966919,hello_usempi-noaff,392,mpich-noaff
kubernetes-8/mpich/size_7_hello_usempi-noaff/mpis-7-hello_usempi-noaff-19,7,mpich,0.5283164978027344,hello_usempi-noaff,392,mpich-noaff
kubernetes-8/mpich/size_7_hello_usempi-noaff/mpis-7-hello_usempi-noaff-17,7,mpich,0.45688724517822266,hello_usempi-noaff,392,mpich-noaff
kubernetes-8/mpich/size_7_hello_usempi-noaff/mpis-7-hello_usempi-noaff-15,7,mpich,0.5188987255096436,hello_usempi-noaff,392,mpich-noaff
kubernetes-8/mpich/size_7_hello_usempi-noaff/mpis-7-hello_usempi-noaff-10,7,mpich,0.5040910243988037,hello_usempi-noaff,392,mpich-noaff
kubernetes-8/mpich/size_7_hello_usempi-noaff/mpis-7-hello_usempi-noaff-18,7,mpich,0.4927656650543213,hello_usempi-noaff,392,mpich-noaff
kubernetes-8/mpich/size_7_hello_usempi-noaff/mpis-7-hello_usempi-noaff-12,7,mpich,0.4724423885345459,hello_usempi-noaff,392,mpich-noaff
kubernetes-8/mpich/size_7_hello_usempi-noaff/mpis-7-hello_usempi-noaff-6,7,mpich,0.4838416576385498,hello_usempi-noaff,392,mpich-noaff
kubernetes-8/mpich/size_7_hello_usempi-noaff/mpis-7-hello_usempi-noaff-16,7,mpich,0.5161590576171875,hello_usempi-noaff,392,mpich-noaff
kubernetes-8/mpich/size_7_hello_usempi-noaff/mpis-7-hello_usempi-noaff-3,7,mpich,0.5185205936431885,hello_usempi-noaff,392,mpich-noaff
kubernetes-8/mpich/size_1_hello_usempi/mpis-1-hello_usempi-4,1,mpich,0.19113850593566895,hello_usempi,56,mpich
kubernetes-8/mpich/size_1_hello_usempi/mpis-1-hello_usempi-19,1,mpich,0.18080854415893555,hello_usempi,56,mpich
kubernetes-8/mpich/size_1_hello_usempi/mpis-1-hello_usempi-16,1,mpich,0.18341064453125,hello_usempi,56,mpich
kubernetes-8/mpich/size_1_hello_usempi/mpis-1-hello_usempi-12,1,mpich,0.1836566925048828,hello_usempi,56,mpich
kubernetes-8/mpich/size_1_hello_usempi/mpis-1-hello_usempi-9,1,mpich,0.1995103359222412,hello_usempi,56,mpich
kubernetes-8/mpich/size_1_hello_usempi/mpis-1-hello_usempi-0,1,mpich,0.1911325454711914,hello_usempi,56,mpich
kubernetes-8/mpich/size_1_hello_usempi/mpis-1-hello_usempi-11,1,mpich,0.18170857429504395,hello_usempi,56,mpich
kubernetes-8/mpich/size_1_hello_usempi/mpis-1-hello_usempi-2,1,mpich,0.1900959014892578,hello_usempi,56,mpich
kubernetes-8/mpich/size_1_hello_usempi/mpis-1-hello_usempi-3,1,mpich,0.19929909706115723,hello_usempi,56,mpich
kubernetes-8/mpich/size_1_hello_usempi/mpis-1-hello_usempi-1,1,mpich,0.18815016746520996,hello_usempi,56,mpich
kubernetes-8/mpich/size_1_hello_usempi/mpis-1-hello_usempi-6,1,mpich,0.1915428638458252,hello_usempi,56,mpich
kubernetes-8/mpich/size_1_hello_usempi/mpis-1-hello_usempi-8,1,mpich,0.20111918449401855,hello_usempi,56,mpich
kubernetes-8/mpich/size_1_hello_usempi/mpis-1-hello_usempi-7,1,mpich,0.1946732997894287,hello_usempi,56,mpich
kubernetes-8/mpich/size_1_hello_usempi/mpis-1-hello_usempi-14,1,mpich,0.18046903610229492,hello_usempi,56,mpich
kubernetes-8/mpich/size_1_hello_usempi/mpis-1-hello_usempi-17,1,mpich,0.19078302383422852,hello_usempi,56,mpich
kubernetes-8/mpich/size_1_hello_usempi/mpis-1-hello_usempi-18,1,mpich,0.18156170845031738,hello_usempi,56,mpich
kubernetes-8/mpich/size_1_hello_usempi/mpis-1-hello_usempi-5,1,mpich,0.19695520401000977,hello_usempi,56,mpich
kubernetes-8/mpich/size_1_hello_usempi/mpis-1-hello_usempi-13,1,mpich,0.1812915802001953,hello_usempi,56,mpich
kubernetes-8/mpich/size_1_hello_usempi/mpis-1-hello_usempi-15,1,mpich,0.1889026165008545,hello_usempi,56,mpich
kubernetes-8/mpich/size_1_hello_usempi/mpis-1-hello_usempi-10,1,mpich,0.1916654109954834,hello_usempi,56,mpich
kubernetes-8/mpich/size_5_hello_usempi/mpis-5-hello_usempi-10,5,mpich,0.27559399604797363,hello_usempi,280,mpich
kubernetes-8/mpich/size_5_hello_usempi/mpis-5-hello_usempi-15,5,mpich,0.2668924331665039,hello_usempi,280,mpich
kubernetes-8/mpich/size_5_hello_usempi/mpis-5-hello_usempi-9,5,mpich,0.2564852237701416,hello_usempi,280,mpich
kubernetes-8/mpich/size_5_hello_usempi/mpis-5-hello_usempi-16,5,mpich,0.26583027839660645,hello_usempi,280,mpich
kubernetes-8/mpich/size_5_hello_usempi/mpis-5-hello_usempi-12,5,mpich,0.2806243896484375,hello_usempi,280,mpich
kubernetes-8/mpich/size_5_hello_usempi/mpis-5-hello_usempi-2,5,mpich,0.2597312927246094,hello_usempi,280,mpich
kubernetes-8/mpich/size_5_hello_usempi/mpis-5-hello_usempi-1,5,mpich,0.26125144958496094,hello_usempi,280,mpich
kubernetes-8/mpich/size_5_hello_usempi/mpis-5-hello_usempi-7,5,mpich,0.26726794242858887,hello_usempi,280,mpich
kubernetes-8/mpich/size_5_hello_usempi/mpis-5-hello_usempi-4,5,mpich,0.26752185821533203,hello_usempi,280,mpich
kubernetes-8/mpich/size_5_hello_usempi/mpis-5-hello_usempi-14,5,mpich,0.26686882972717285,hello_usempi,280,mpich
kubernetes-8/mpich/size_5_hello_usempi/mpis-5-hello_usempi-3,5,mpich,0.265303373336792,hello_usempi,280,mpich
kubernetes-8/mpich/size_5_hello_usempi/mpis-5-hello_usempi-11,5,mpich,0.2783334255218506,hello_usempi,280,mpich
kubernetes-8/mpich/size_5_hello_usempi/mpis-5-hello_usempi-8,5,mpich,0.2772502899169922,hello_usempi,280,mpich
kubernetes-8/mpich/size_5_hello_usempi/mpis-5-hello_usempi-17,5,mpich,0.2715446949005127,hello_usempi,280,mpich
kubernetes-8/mpich/size_5_hello_usempi/mpis-5-hello_usempi-6,5,mpich,0.26475024223327637,hello_usempi,280,mpich
kubernetes-8/mpich/size_5_hello_usempi/mpis-5-hello_usempi-19,5,mpich,0.2581009864807129,hello_usempi,280,mpich
kubernetes-8/mpich/size_5_hello_usempi/mpis-5-hello_usempi-5,5,mpich,0.25960206985473633,hello_usempi,280,mpich
kubernetes-8/mpich/size_5_hello_usempi/mpis-5-hello_usempi-18,5,mpich,0.2644500732421875,hello_usempi,280,mpich
kubernetes-8/mpich/size_5_hello_usempi/mpis-5-hello_usempi-13,5,mpich,0.2613034248352051,hello_usempi,280,mpich
kubernetes-8/mpich/size_5_hello_usempi/mpis-5-hello_usempi-0,5,mpich,0.2728567123413086,hello_usempi,280,mpich
kubernetes-8/mpich/size_7_hello_usempi/mpis-7-hello_usempi-12,7,mpich,0.30458903312683105,hello_usempi,392,mpich
kubernetes-8/mpich/size_7_hello_usempi/mpis-7-hello_usempi-14,7,mpich,0.2890150547027588,hello_usempi,392,mpich
kubernetes-8/mpich/size_7_hello_usempi/mpis-7-hello_usempi-9,7,mpich,0.3016021251678467,hello_usempi,392,mpich
kubernetes-8/mpich/size_7_hello_usempi/mpis-7-hello_usempi-0,7,mpich,0.3007979393005371,hello_usempi,392,mpich
kubernetes-8/mpich/size_7_hello_usempi/mpis-7-hello_usempi-1,7,mpich,0.2968266010284424,hello_usempi,392,mpich
kubernetes-8/mpich/size_7_hello_usempi/mpis-7-hello_usempi-13,7,mpich,0.2845578193664551,hello_usempi,392,mpich
kubernetes-8/mpich/size_7_hello_usempi/mpis-7-hello_usempi-16,7,mpich,0.28641438484191895,hello_usempi,392,mpich
kubernetes-8/mpich/size_7_hello_usempi/mpis-7-hello_usempi-18,7,mpich,0.2867097854614258,hello_usempi,392,mpich
kubernetes-8/mpich/size_7_hello_usempi/mpis-7-hello_usempi-8,7,mpich,0.30516767501831055,hello_usempi,392,mpich
kubernetes-8/mpich/size_7_hello_usempi/mpis-7-hello_usempi-11,7,mpich,0.29132676124572754,hello_usempi,392,mpich
kubernetes-8/mpich/size_7_hello_usempi/mpis-7-hello_usempi-5,7,mpich,0.29665064811706543,hello_usempi,392,mpich
kubernetes-8/mpich/size_7_hello_usempi/mpis-7-hello_usempi-17,7,mpich,0.2940671443939209,hello_usempi,392,mpich
kubernetes-8/mpich/size_7_hello_usempi/mpis-7-hello_usempi-3,7,mpich,0.28608202934265137,hello_usempi,392,mpich
kubernetes-8/mpich/size_7_hello_usempi/mpis-7-hello_usempi-4,7,mpich,0.2927722930908203,hello_usempi,392,mpich
kubernetes-8/mpich/size_7_hello_usempi/mpis-7-hello_usempi-15,7,mpich,0.3029963970184326,hello_usempi,392,mpich
kubernetes-8/mpich/size_7_hello_usempi/mpis-7-hello_usempi-10,7,mpich,0.2903127670288086,hello_usempi,392,mpich
kubernetes-8/mpich/size_7_hello_usempi/mpis-7-hello_usempi-6,7,mpich,0.29885125160217285,hello_usempi,392,mpich
kubernetes-8/mpich/size_7_hello_usempi/mpis-7-hello_usempi-7,7,mpich,0.3026387691497803,hello_usempi,392,mpich
kubernetes-8/mpich/size_7_hello_usempi/mpis-7-hello_usempi-19,7,mpich,0.3051774501800537,hello_usempi,392,mpich
kubernetes-8/mpich/size_7_hello_usempi/mpis-7-hello_usempi-2,7,mpich,0.29085230827331543,hello_usempi,392,mpich
kubernetes-8/mpich/size_2_hello_usempi/mpis-2-hello_usempi-19,2,mpich,0.2061145305633545,hello_usempi,112,mpich
kubernetes-8/mpich/size_2_hello_usempi/mpis-2-hello_usempi-15,2,mpich,0.2138233184814453,hello_usempi,112,mpich
kubernetes-8/mpich/size_2_hello_usempi/mpis-2-hello_usempi-1,2,mpich,0.22748661041259766,hello_usempi,112,mpich
kubernetes-8/mpich/size_2_hello_usempi/mpis-2-hello_usempi-3,2,mpich,0.22337675094604492,hello_usempi,112,mpich
kubernetes-8/mpich/size_2_hello_usempi/mpis-2-hello_usempi-2,2,mpich,0.2148134708404541,hello_usempi,112,mpich
kubernetes-8/mpich/size_2_hello_usempi/mpis-2-hello_usempi-12,2,mpich,0.22066974639892578,hello_usempi,112,mpich
kubernetes-8/mpich/size_2_hello_usempi/mpis-2-hello_usempi-10,2,mpich,0.21452045440673828,hello_usempi,112,mpich
kubernetes-8/mpich/size_2_hello_usempi/mpis-2-hello_usempi-8,2,mpich,0.22444391250610352,hello_usempi,112,mpich
kubernetes-8/mpich/size_2_hello_usempi/mpis-2-hello_usempi-11,2,mpich,0.21218061447143555,hello_usempi,112,mpich
kubernetes-8/mpich/size_2_hello_usempi/mpis-2-hello_usempi-13,2,mpich,0.20842313766479492,hello_usempi,112,mpich
kubernetes-8/mpich/size_2_hello_usempi/mpis-2-hello_usempi-14,2,mpich,0.22855520248413086,hello_usempi,112,mpich
kubernetes-8/mpich/size_2_hello_usempi/mpis-2-hello_usempi-9,2,mpich,0.22881197929382324,hello_usempi,112,mpich
kubernetes-8/mpich/size_2_hello_usempi/mpis-2-hello_usempi-16,2,mpich,0.22952914237976074,hello_usempi,112,mpich
kubernetes-8/mpich/size_2_hello_usempi/mpis-2-hello_usempi-6,2,mpich,0.22937750816345215,hello_usempi,112,mpich
kubernetes-8/mpich/size_2_hello_usempi/mpis-2-hello_usempi-4,2,mpich,0.2149512767791748,hello_usempi,112,mpich
kubernetes-8/mpich/size_2_hello_usempi/mpis-2-hello_usempi-17,2,mpich,0.23031139373779297,hello_usempi,112,mpich
kubernetes-8/mpich/size_2_hello_usempi/mpis-2-hello_usempi-18,2,mpich,0.2333831787109375,hello_usempi,112,mpich
kubernetes-8/mpich/size_2_hello_usempi/mpis-2-hello_usempi-0,2,mpich,0.20965337753295898,hello_usempi,112,mpich
kubernetes-8/mpich/size_2_hello_usempi/mpis-2-hello_usempi-5,2,mpich,0.20693588256835938,hello_usempi,112,mpich
kubernetes-8/mpich/size_2_hello_usempi/mpis-2-hello_usempi-7,2,mpich,0.21405482292175293,hello_usempi,112,mpich
kubernetes-8/mpich/size_2_hello_usempi-noaff/mpis-2-hello_usempi-noaff-19,2,mpich,0.4130678176879883,hello_usempi-noaff,112,mpich-noaff
kubernetes-8/mpich/size_2_hello_usempi-noaff/mpis-2-hello_usempi-noaff-5,2,mpich,0.3549830913543701,hello_usempi-noaff,112,mpich-noaff
kubernetes-8/mpich/size_2_hello_usempi-noaff/mpis-2-hello_usempi-noaff-14,2,mpich,0.4009981155395508,hello_usempi-noaff,112,mpich-noaff
kubernetes-8/mpich/size_2_hello_usempi-noaff/mpis-2-hello_usempi-noaff-0,2,mpich,0.3495769500732422,hello_usempi-noaff,112,mpich-noaff
kubernetes-8/mpich/size_2_hello_usempi-noaff/mpis-2-hello_usempi-noaff-9,2,mpich,0.37442922592163086,hello_usempi-noaff,112,mpich-noaff
kubernetes-8/mpich/size_2_hello_usempi-noaff/mpis-2-hello_usempi-noaff-4,2,mpich,0.3782310485839844,hello_usempi-noaff,112,mpich-noaff
kubernetes-8/mpich/size_2_hello_usempi-noaff/mpis-2-hello_usempi-noaff-16,2,mpich,0.36638307571411133,hello_usempi-noaff,112,mpich-noaff
kubernetes-8/mpich/size_2_hello_usempi-noaff/mpis-2-hello_usempi-noaff-18,2,mpich,0.3723266124725342,hello_usempi-noaff,112,mpich-noaff
kubernetes-8/mpich/size_2_hello_usempi-noaff/mpis-2-hello_usempi-noaff-2,2,mpich,0.4259176254272461,hello_usempi-noaff,112,mpich-noaff
kubernetes-8/mpich/size_2_hello_usempi-noaff/mpis-2-hello_usempi-noaff-11,2,mpich,0.42243027687072754,hello_usempi-noaff,112,mpich-noaff
kubernetes-8/mpich/size_2_hello_usempi-noaff/mpis-2-hello_usempi-noaff-3,2,mpich,0.3941667079925537,hello_usempi-noaff,112,mpich-noaff
kubernetes-8/mpich/size_2_hello_usempi-noaff/mpis-2-hello_usempi-noaff-10,2,mpich,0.3851485252380371,hello_usempi-noaff,112,mpich-noaff
kubernetes-8/mpich/size_2_hello_usempi-noaff/mpis-2-hello_usempi-noaff-6,2,mpich,0.3900458812713623,hello_usempi-noaff,112,mpich-noaff
kubernetes-8/mpich/size_2_hello_usempi-noaff/mpis-2-hello_usempi-noaff-17,2,mpich,0.38693976402282715,hello_usempi-noaff,112,mpich-noaff
kubernetes-8/mpich/size_2_hello_usempi-noaff/mpis-2-hello_usempi-noaff-7,2,mpich,0.33527064323425293,hello_usempi-noaff,112,mpich-noaff
kubernetes-8/mpich/size_2_hello_usempi-noaff/mpis-2-hello_usempi-noaff-12,2,mpich,0.33624792098999023,hello_usempi-noaff,112,mpich-noaff
kubernetes-8/mpich/size_2_hello_usempi-noaff/mpis-2-hello_usempi-noaff-1,2,mpich,0.40268731117248535,hello_usempi-noaff,112,mpich-noaff
kubernetes-8/mpich/size_2_hello_usempi-noaff/mpis-2-hello_usempi-noaff-15,2,mpich,0.3992786407470703,hello_usempi-noaff,112,mpich-noaff
kubernetes-8/mpich/size_2_hello_usempi-noaff/mpis-2-hello_usempi-noaff-13,2,mpich,0.39916157722473145,hello_usempi-noaff,112,mpich-noaff
kubernetes-8/mpich/size_2_hello_usempi-noaff/mpis-2-hello_usempi-noaff-8,2,mpich,0.3718607425689697,hello_usempi-noaff,112,mpich-noaff
kubernetes-8/mpich/size_6_hello_usempi-noaff/mpis-6-hello_usempi-noaff-2,6,mpich,0.473524808883667,hello_usempi-noaff,336,mpich-noaff
kubernetes-8/mpich/size_6_hello_usempi-noaff/mpis-6-hello_usempi-noaff-6,6,mpich,0.513106107711792,hello_usempi-noaff,336,mpich-noaff
kubernetes-8/mpich/size_6_hello_usempi-noaff/mpis-6-hello_usempi-noaff-4,6,mpich,0.46105074882507324,hello_usempi-noaff,336,mpich-noaff
kubernetes-8/mpich/size_6_hello_usempi-noaff/mpis-6-hello_usempi-noaff-11,6,mpich,0.48616909980773926,hello_usempi-noaff,336,mpich-noaff
kubernetes-8/mpich/size_6_hello_usempi-noaff/mpis-6-hello_usempi-noaff-10,6,mpich,0.45813608169555664,hello_usempi-noaff,336,mpich-noaff
kubernetes-8/mpich/size_6_hello_usempi-noaff/mpis-6-hello_usempi-noaff-5,6,mpich,0.5011672973632812,hello_usempi-noaff,336,mpich-noaff
kubernetes-8/mpich/size_6_hello_usempi-noaff/mpis-6-hello_usempi-noaff-0,6,mpich,0.4724252223968506,hello_usempi-noaff,336,mpich-noaff
kubernetes-8/mpich/size_6_hello_usempi-noaff/mpis-6-hello_usempi-noaff-16,6,mpich,0.44699954986572266,hello_usempi-noaff,336,mpich-noaff
kubernetes-8/mpich/size_6_hello_usempi-noaff/mpis-6-hello_usempi-noaff-18,6,mpich,0.4629230499267578,hello_usempi-noaff,336,mpich-noaff
kubernetes-8/mpich/size_6_hello_usempi-noaff/mpis-6-hello_usempi-noaff-3,6,mpich,0.5195572376251221,hello_usempi-noaff,336,mpich-noaff
kubernetes-8/mpich/size_6_hello_usempi-noaff/mpis-6-hello_usempi-noaff-14,6,mpich,0.5518231391906738,hello_usempi-noaff,336,mpich-noaff
kubernetes-8/mpich/size_6_hello_usempi-noaff/mpis-6-hello_usempi-noaff-12,6,mpich,0.4623696804046631,hello_usempi-noaff,336,mpich-noaff
kubernetes-8/mpich/size_6_hello_usempi-noaff/mpis-6-hello_usempi-noaff-9,6,mpich,0.5349953174591064,hello_usempi-noaff,336,mpich-noaff
kubernetes-8/mpich/size_6_hello_usempi-noaff/mpis-6-hello_usempi-noaff-15,6,mpich,0.49192285537719727,hello_usempi-noaff,336,mpich-noaff
kubernetes-8/mpich/size_6_hello_usempi-noaff/mpis-6-hello_usempi-noaff-8,6,mpich,0.47352004051208496,hello_usempi-noaff,336,mpich-noaff
kubernetes-8/mpich/size_6_hello_usempi-noaff/mpis-6-hello_usempi-noaff-1,6,mpich,0.4671452045440674,hello_usempi-noaff,336,mpich-noaff
kubernetes-8/mpich/size_6_hello_usempi-noaff/mpis-6-hello_usempi-noaff-17,6,mpich,0.47139835357666016,hello_usempi-noaff,336,mpich-noaff
kubernetes-8/mpich/size_6_hello_usempi-noaff/mpis-6-hello_usempi-noaff-19,6,mpich,0.46770644187927246,hello_usempi-noaff,336,mpich-noaff
kubernetes-8/mpich/size_6_hello_usempi-noaff/mpis-6-hello_usempi-noaff-13,6,mpich,0.5409626960754395,hello_usempi-noaff,336,mpich-noaff
kubernetes-8/mpich/size_6_hello_usempi-noaff/mpis-6-hello_usempi-noaff-7,6,mpich,0.5063471794128418,hello_usempi-noaff,336,mpich-noaff
kubernetes-8/mpich/size_3_hello_usempi/mpis-3-hello_usempi-9,3,mpich,0.24399280548095703,hello_usempi,168,mpich
kubernetes-8/mpich/size_3_hello_usempi/mpis-3-hello_usempi-13,3,mpich,0.24442243576049805,hello_usempi,168,mpich
kubernetes-8/mpich/size_3_hello_usempi/mpis-3-hello_usempi-1,3,mpich,0.24252867698669434,hello_usempi,168,mpich
kubernetes-8/mpich/size_3_hello_usempi/mpis-3-hello_usempi-14,3,mpich,0.22759127616882324,hello_usempi,168,mpich
kubernetes-8/mpich/size_3_hello_usempi/mpis-3-hello_usempi-4,3,mpich,0.22545337677001953,hello_usempi,168,mpich
kubernetes-8/mpich/size_3_hello_usempi/mpis-3-hello_usempi-6,3,mpich,0.23508763313293457,hello_usempi,168,mpich
kubernetes-8/mpich/size_3_hello_usempi/mpis-3-hello_usempi-19,3,mpich,0.22916293144226074,hello_usempi,168,mpich
kubernetes-8/mpich/size_3_hello_usempi/mpis-3-hello_usempi-7,3,mpich,0.24256682395935059,hello_usempi,168,mpich
kubernetes-8/mpich/size_3_hello_usempi/mpis-3-hello_usempi-0,3,mpich,0.2243053913116455,hello_usempi,168,mpich
kubernetes-8/mpich/size_3_hello_usempi/mpis-3-hello_usempi-3,3,mpich,0.23157215118408203,hello_usempi,168,mpich
kubernetes-8/mpich/size_3_hello_usempi/mpis-3-hello_usempi-10,3,mpich,0.22655463218688965,hello_usempi,168,mpich
kubernetes-8/mpich/size_3_hello_usempi/mpis-3-hello_usempi-16,3,mpich,0.23912453651428223,hello_usempi,168,mpich
kubernetes-8/mpich/size_3_hello_usempi/mpis-3-hello_usempi-17,3,mpich,0.22725725173950195,hello_usempi,168,mpich
kubernetes-8/mpich/size_3_hello_usempi/mpis-3-hello_usempi-18,3,mpich,0.23204636573791504,hello_usempi,168,mpich
kubernetes-8/mpich/size_3_hello_usempi/mpis-3-hello_usempi-12,3,mpich,0.23222804069519043,hello_usempi,168,mpich
kubernetes-8/mpich/size_3_hello_usempi/mpis-3-hello_usempi-11,3,mpich,0.22432947158813477,hello_usempi,168,mpich
kubernetes-8/mpich/size_3_hello_usempi/mpis-3-hello_usempi-15,3,mpich,0.2386939525604248,hello_usempi,168,mpich
kubernetes-8/mpich/size_3_hello_usempi/mpis-3-hello_usempi-5,3,mpich,0.23119139671325684,hello_usempi,168,mpich
kubernetes-8/mpich/size_3_hello_usempi/mpis-3-hello_usempi-8,3,mpich,0.21840763092041016,hello_usempi,168,mpich
kubernetes-8/mpich/size_3_hello_usempi/mpis-3-hello_usempi-2,3,mpich,0.21636462211608887,hello_usempi,168,mpich
kubernetes-8/mpich/size_8_hello_usempi-noaff/mpis-8-hello_usempi-noaff-17,8,mpich,0.5445206165313721,hello_usempi-noaff,448,mpich-noaff
kubernetes-8/mpich/size_8_hello_usempi-noaff/mpis-8-hello_usempi-noaff-12,8,mpich,0.5070817470550537,hello_usempi-noaff,448,mpich-noaff
kubernetes-8/mpich/size_8_hello_usempi-noaff/mpis-8-hello_usempi-noaff-3,8,mpich,0.527397871017456,hello_usempi-noaff,448,mpich-noaff
kubernetes-8/mpich/size_8_hello_usempi-noaff/mpis-8-hello_usempi-noaff-5,8,mpich,0.5298440456390381,hello_usempi-noaff,448,mpich-noaff
kubernetes-8/mpich/size_8_hello_usempi-noaff/mpis-8-hello_usempi-noaff-10,8,mpich,0.4927332401275635,hello_usempi-noaff,448,mpich-noaff
kubernetes-8/mpich/size_8_hello_usempi-noaff/mpis-8-hello_usempi-noaff-16,8,mpich,0.5703623294830322,hello_usempi-noaff,448,mpich-noaff
kubernetes-8/mpich/size_8_hello_usempi-noaff/mpis-8-hello_usempi-noaff-0,8,mpich,0.47915196418762207,hello_usempi-noaff,448,mpich-noaff
kubernetes-8/mpich/size_8_hello_usempi-noaff/mpis-8-hello_usempi-noaff-7,8,mpich,0.5252876281738281,hello_usempi-noaff,448,mpich-noaff
kubernetes-8/mpich/size_8_hello_usempi-noaff/mpis-8-hello_usempi-noaff-9,8,mpich,0.5132853984832764,hello_usempi-noaff,448,mpich-noaff
kubernetes-8/mpich/size_8_hello_usempi-noaff/mpis-8-hello_usempi-noaff-14,8,mpich,0.5394847393035889,hello_usempi-noaff,448,mpich-noaff
kubernetes-8/mpich/size_8_hello_usempi-noaff/mpis-8-hello_usempi-noaff-4,8,mpich,0.5483448505401611,hello_usempi-noaff,448,mpich-noaff
kubernetes-8/mpich/size_8_hello_usempi-noaff/mpis-8-hello_usempi-noaff-13,8,mpich,0.5516331195831299,hello_usempi-noaff,448,mpich-noaff
kubernetes-8/mpich/size_8_hello_usempi-noaff/mpis-8-hello_usempi-noaff-11,8,mpich,0.5627720355987549,hello_usempi-noaff,448,mpich-noaff
kubernetes-8/mpich/size_8_hello_usempi-noaff/mpis-8-hello_usempi-noaff-19,8,mpich,0.5658435821533203,hello_usempi-noaff,448,mpich-noaff
kubernetes-8/mpich/size_8_hello_usempi-noaff/mpis-8-hello_usempi-noaff-6,8,mpich,0.522402286529541,hello_usempi-noaff,448,mpich-noaff
kubernetes-8/mpich/size_8_hello_usempi-noaff/mpis-8-hello_usempi-noaff-8,8,mpich,0.5241975784301758,hello_usempi-noaff,448,mpich-noaff
kubernetes-8/mpich/size_8_hello_usempi-noaff/mpis-8-hello_usempi-noaff-15,8,mpich,0.5686447620391846,hello_usempi-noaff,448,mpich-noaff
kubernetes-8/mpich/size_8_hello_usempi-noaff/mpis-8-hello_usempi-noaff-1,8,mpich,0.4949004650115967,hello_usempi-noaff,448,mpich-noaff
kubernetes-8/mpich/size_8_hello_usempi-noaff/mpis-8-hello_usempi-noaff-2,8,mpich,0.5240857601165771,hello_usempi-noaff,448,mpich-noaff
kubernetes-8/mpich/size_8_hello_usempi-noaff/mpis-8-hello_usempi-noaff-18,8,mpich,0.5190203189849854,hello_usempi-noaff,448,mpich-noaff
kubernetes-8/mpich/size_3_hello_usempi-noaff/mpis-3-hello_usempi-noaff-1,3,mpich,0.41082215309143066,hello_usempi-noaff,168,mpich-noaff
kubernetes-8/mpich/size_3_hello_usempi-noaff/mpis-3-hello_usempi-noaff-19,3,mpich,0.4603257179260254,hello_usempi-noaff,168,mpich-noaff
kubernetes-8/mpich/size_3_hello_usempi-noaff/mpis-3-hello_usempi-noaff-14,3,mpich,0.4311258792877197,hello_usempi-noaff,168,mpich-noaff
kubernetes-8/mpich/size_3_hello_usempi-noaff/mpis-3-hello_usempi-noaff-5,3,mpich,0.47994256019592285,hello_usempi-noaff,168,mpich-noaff
kubernetes-8/mpich/size_3_hello_usempi-noaff/mpis-3-hello_usempi-noaff-9,3,mpich,0.3847520351409912,hello_usempi-noaff,168,mpich-noaff
kubernetes-8/mpich/size_3_hello_usempi-noaff/mpis-3-hello_usempi-noaff-4,3,mpich,0.4701056480407715,hello_usempi-noaff,168,mpich-noaff
kubernetes-8/mpich/size_3_hello_usempi-noaff/mpis-3-hello_usempi-noaff-13,3,mpich,0.4295012950897217,hello_usempi-noaff,168,mpich-noaff
kubernetes-8/mpich/size_3_hello_usempi-noaff/mpis-3-hello_usempi-noaff-7,3,mpich,0.4302361011505127,hello_usempi-noaff,168,mpich-noaff
kubernetes-8/mpich/size_3_hello_usempi-noaff/mpis-3-hello_usempi-noaff-2,3,mpich,0.36835289001464844,hello_usempi-noaff,168,mpich-noaff
kubernetes-8/mpich/size_3_hello_usempi-noaff/mpis-3-hello_usempi-noaff-11,3,mpich,0.4324147701263428,hello_usempi-noaff,168,mpich-noaff
kubernetes-8/mpich/size_3_hello_usempi-noaff/mpis-3-hello_usempi-noaff-3,3,mpich,0.4963362216949463,hello_usempi-noaff,168,mpich-noaff
kubernetes-8/mpich/size_3_hello_usempi-noaff/mpis-3-hello_usempi-noaff-0,3,mpich,0.4281280040740967,hello_usempi-noaff,168,mpich-noaff
kubernetes-8/mpich/size_3_hello_usempi-noaff/mpis-3-hello_usempi-noaff-17,3,mpich,0.45670604705810547,hello_usempi-noaff,168,mpich-noaff
kubernetes-8/mpich/size_3_hello_usempi-noaff/mpis-3-hello_usempi-noaff-15,3,mpich,0.4256014823913574,hello_usempi-noaff,168,mpich-noaff
kubernetes-8/mpich/size_3_hello_usempi-noaff/mpis-3-hello_usempi-noaff-10,3,mpich,0.41405510902404785,hello_usempi-noaff,168,mpich-noaff
kubernetes-8/mpich/size_3_hello_usempi-noaff/mpis-3-hello_usempi-noaff-16,3,mpich,0.4437069892883301,hello_usempi-noaff,168,mpich-noaff
kubernetes-8/mpich/size_3_hello_usempi-noaff/mpis-3-hello_usempi-noaff-8,3,mpich,0.4294412136077881,hello_usempi-noaff,168,mpich-noaff
kubernetes-8/mpich/size_3_hello_usempi-noaff/mpis-3-hello_usempi-noaff-12,3,mpich,0.4357173442840576,hello_usempi-noaff,168,mpich-noaff
kubernetes-8/mpich/size_3_hello_usempi-noaff/mpis-3-hello_usempi-noaff-18,3,mpich,0.39992213249206543,hello_usempi-noaff,168,mpich-noaff
kubernetes-8/mpich/size_3_hello_usempi-noaff/mpis-3-hello_usempi-noaff-6,3,mpich,0.37689971923828125,hello_usempi-noaff,168,mpich-noaff
kubernetes-8/mpich/size_4_hello_usempi/mpis-4-hello_usempi-12,4,mpich,0.2349696159362793,hello_usempi,224,mpich
kubernetes-8/mpich/size_4_hello_usempi/mpis-4-hello_usempi-6,4,mpich,0.24312996864318848,hello_usempi,224,mpich
kubernetes-8/mpich/size_4_hello_usempi/mpis-4-hello_usempi-17,4,mpich,0.23432278633117676,hello_usempi,224,mpich
kubernetes-8/mpich/size_4_hello_usempi/mpis-4-hello_usempi-13,4,mpich,0.24740195274353027,hello_usempi,224,mpich
kubernetes-8/mpich/size_4_hello_usempi/mpis-4-hello_usempi-18,4,mpich,0.24215364456176758,hello_usempi,224,mpich
kubernetes-8/mpich/size_4_hello_usempi/mpis-4-hello_usempi-0,4,mpich,0.24785494804382324,hello_usempi,224,mpich
kubernetes-8/mpich/size_4_hello_usempi/mpis-4-hello_usempi-10,4,mpich,0.2503697872161865,hello_usempi,224,mpich
kubernetes-8/mpich/size_4_hello_usempi/mpis-4-hello_usempi-3,4,mpich,0.24251151084899902,hello_usempi,224,mpich
kubernetes-8/mpich/size_4_hello_usempi/mpis-4-hello_usempi-15,4,mpich,0.27112317085266113,hello_usempi,224,mpich
kubernetes-8/mpich/size_4_hello_usempi/mpis-4-hello_usempi-1,4,mpich,0.23498058319091797,hello_usempi,224,mpich
kubernetes-8/mpich/size_4_hello_usempi/mpis-4-hello_usempi-2,4,mpich,0.25014328956604004,hello_usempi,224,mpich
kubernetes-8/mpich/size_4_hello_usempi/mpis-4-hello_usempi-4,4,mpich,0.24252867698669434,hello_usempi,224,mpich
kubernetes-8/mpich/size_4_hello_usempi/mpis-4-hello_usempi-7,4,mpich,0.25434303283691406,hello_usempi,224,mpich
kubernetes-8/mpich/size_4_hello_usempi/mpis-4-hello_usempi-19,4,mpich,0.23443388938903809,hello_usempi,224,mpich
kubernetes-8/mpich/size_4_hello_usempi/mpis-4-hello_usempi-14,4,mpich,0.24614858627319336,hello_usempi,224,mpich
kubernetes-8/mpich/size_4_hello_usempi/mpis-4-hello_usempi-8,4,mpich,0.23020505905151367,hello_usempi,224,mpich
kubernetes-8/mpich/size_4_hello_usempi/mpis-4-hello_usempi-9,4,mpich,0.23908209800720215,hello_usempi,224,mpich
kubernetes-8/mpich/size_4_hello_usempi/mpis-4-hello_usempi-5,4,mpich,0.24864649772644043,hello_usempi,224,mpich
kubernetes-8/mpich/size_4_hello_usempi/mpis-4-hello_usempi-16,4,mpich,0.24603700637817383,hello_usempi,224,mpich
kubernetes-8/mpich/size_4_hello_usempi/mpis-4-hello_usempi-11,4,mpich,0.25171828269958496,hello_usempi,224,mpich
